X,Y,SHORTESTDIST,CONCRETE,HBLOCK,BRICK,WOOD,GLASS,RCCROOF,OUTPUT
480,240,141,0,0,0,0,0,0,5
480,245,137,0,0,0,0,0,0,5
480,250,132,0,0,0,0,0,0,5
480,255,128,0,0,0,0,0,0,4
480,260,124,0,0,0,0,0,0,4
480,265,119,0,0,0,0,0,0,4
480,270,115,0,0,0,0,0,0,4
480,275,111,0,0,0,0,0,0,4
480,280,107,0,0,0,0,0,0,4
480,285,102,0,0,0,0,0,0,4
480,290,98,0,0,0,0,0,0,3
480,295,94,0,0,0,0,0,0,3
480,300,91,0,0,0,0,0,0,3
480,305,87,0,0,0,0,0,0,3
480,310,83,0,0,0,0,0,0,3
480,315,80,0,0,0,0,0,0,3
480,320,77,0,0,0,0,0,0,3
480,325,74,0,0,0,0,0,0,3
480,330,71,0,0,0,0,0,0,2
480,335,68,0,0,0,0,0,0,2
480,340,66,0,0,0,0,0,0,2
480,345,64,0,0,0,0,0,0,2
480,350,63,0,0,0,0,0,0,2
480,355,61,0,0,0,0,0,0,2
480,360,61,0,0,0,0,0,0,2
480,365,60,0,0,0,0,0,0,2
480,370,60,0,0,0,0,0,0,2
480,375,60,0,0,0,0,0,0,2
480,380,61,0,0,0,0,0,0,2
480,385,62,0,0,0,0,0,0,2
480,390,64,0,0,0,0,0,0,2
480,395,66,0,0,0,0,0,0,2
480,400,68,0,0,0,0,0,0,2
480,405,70,0,0,0,0,0,0,2
480,410,73,0,0,0,0,0,0,3
480,415,76,0,0,0,0,0,0,3
480,420,79,0,0,0,0,0,0,3
480,425,83,0,0,0,0,0,0,3
480,430,86,0,0,0,0,0,0,3
480,435,90,0,0,0,0,0,0,3
480,440,94,0,0,0,0,0,0,3
480,445,98,0,0,0,0,0,0,3
480,450,102,0,0,0,0,0,0,4
480,455,106,0,0,0,0,0,0,4
480,460,110,0,0,0,0,0,0,4
480,465,114,0,0,0,0,0,0,4
480,470,118,0,0,0,0,0,0,4
480,475,123,0,0,0,0,0,0,4
480,480,127,0,0,0,0,0,0,4
485,240,139,0,0,0,0,0,0,5
485,245,135,0,0,0,0,0,0,5
485,250,130,0,0,0,0,0,0,5
485,255,126,0,0,0,0,0,0,4
485,260,121,0,0,0,0,0,0,4
485,265,117,0,0,0,0,0,0,4
485,270,112,0,0,0,0,0,0,4
485,275,108,0,0,0,0,0,0,4
485,280,104,0,0,0,0,0,0,4
485,285,100,0,0,0,0,0,0,3
485,290,95,0,0,0,0,0,0,3
485,295,91,0,0,0,0,0,0,3
485,300,87,0,0,0,0,0,0,3
485,305,84,0,0,0,0,0,0,3
485,310,80,0,0,0,0,0,0,3
485,315,76,0,0,0,0,0,0,3
485,320,73,0,0,0,0,0,0,3
485,325,70,0,0,0,0,0,0,2
485,330,67,0,0,0,0,0,0,2
485,335,64,0,0,0,0,0,0,2
485,340,62,0,0,0,0,0,0,2
485,345,60,0,0,0,0,0,0,2
485,350,58,0,0,0,0,0,0,2
485,355,57,0,0,0,0,0,0,2
485,360,56,0,0,0,0,0,0,2
485,365,55,0,0,0,0,0,0,2
485,370,55,0,0,0,0,0,0,2
485,375,55,0,0,0,0,0,0,2
485,380,56,0,0,0,0,0,0,2
485,385,58,0,0,0,0,0,0,2
485,390,59,0,0,0,0,0,0,2
485,395,61,0,0,0,0,0,0,2
485,400,64,0,0,0,0,0,0,2
485,405,66,0,0,0,0,0,0,2
485,410,69,0,0,0,0,0,0,2
485,415,72,0,0,0,0,0,0,3
485,420,76,0,0,0,0,0,0,3
485,425,79,0,0,0,0,0,0,3
485,430,83,0,0,0,0,0,0,3
485,435,87,0,0,0,0,0,0,3
485,440,91,0,0,0,0,0,0,3
485,445,95,0,0,0,0,0,0,3
485,450,99,0,0,0,0,0,0,3
485,455,103,0,0,0,0,0,0,4
485,460,107,0,0,0,0,0,0,4
485,465,112,0,0,0,0,0,0,4
485,470,116,0,0,0,0,0,0,4
485,475,120,0,0,0,0,0,0,4
485,480,125,0,0,0,0,0,0,4
490,240,137,0,0,0,0,0,0,5
490,245,133,0,0,0,0,0,0,5
490,250,128,0,0,0,0,0,0,4
490,255,124,0,0,0,0,0,0,4
490,260,119,0,0,0,0,0,0,4
490,265,114,0,0,0,0,0,0,4
490,270,110,0,0,0,0,0,0,4
490,275,106,0,0,0,0,0,0,4
490,280,101,0,0,0,0,0,0,4
490,285,97,0,0,0,0,0,0,3
490,290,93,0,0,0,0,0,0,3
490,295,88,0,0,0,0,0,0,3
490,300,84,0,0,0,0,0,0,3
490,305,80,0,0,0,0,0,0,3
490,310,77,0,0,0,0,0,0,3
490,315,73,0,0,0,0,0,0,3
490,320,69,0,0,0,0,0,0,2
490,325,66,0,0,0,0,0,0,2
490,330,63,0,0,0,0,0,0,2
490,335,60,0,0,0,0,0,0,2
490,340,57,0,0,0,0,0,0,2
490,345,55,0,0,0,0,0,0,2
490,350,53,0,0,0,0,0,0,2
490,355,52,0,0,0,0,0,0,2
490,360,51,0,0,0,0,0,0,2
490,365,50,0,0,0,0,0,0,2
490,370,50,0,0,0,0,0,0,2
490,375,50,0,0,0,0,0,0,2
490,380,51,0,0,0,0,0,0,2
490,385,53,0,0,0,0,0,0,2
490,390,55,0,0,0,0,0,0,2
490,395,57,0,0,0,0,0,0,2
490,400,59,0,0,0,0,0,0,2
490,405,62,0,0,0,0,0,0,2
490,410,65,0,0,0,0,0,0,2
490,415,69,0,0,0,0,0,0,2
490,420,72,0,0,0,0,0,0,3
490,425,76,0,0,0,0,0,0,3
490,430,80,0,0,0,0,0,0,3
490,435,84,0,0,0,0,0,0,3
490,440,88,0,0,0,0,0,0,3
490,445,92,0,0,0,0,0,0,3
490,450,96,0,0,0,0,0,0,3
490,455,100,0,0,0,0,0,0,4
490,460,105,0,0,0,0,0,0,4
490,465,109,0,0,0,0,0,0,4
490,470,114,0,0,0,0,0,0,4
490,475,118,0,0,0,0,0,0,4
490,480,123,0,0,0,0,0,0,4
495,240,136,0,0,0,0,0,0,5
495,245,131,0,0,0,0,0,0,5
495,250,126,0,0,0,0,0,0,4
495,255,122,0,0,0,0,0,0,4
495,260,117,0,0,0,0,0,0,4
495,265,112,0,0,0,0,0,0,4
495,270,108,0,0,0,0,0,0,4
495,275,103,0,0,0,0,0,0,4
495,280,99,0,0,0,0,0,0,3
495,285,94,0,0,0,0,0,0,3
495,290,90,0,0,0,0,0,0,3
495,295,86,0,0,0,0,0,0,3
495,300,82,0,0,0,0,0,0,3
495,305,77,0,0,0,0,0,0,3
495,310,73,0,0,0,0,0,0,3
495,315,70,0,0,0,0,0,0,2
495,320,66,0,0,0,0,0,0,2
495,325,62,0,0,0,0,0,0,2
495,330,59,0,0,0,0,0,0,2
495,335,56,0,0,0,0,0,0,2
495,340,53,0,0,0,0,0,0,2
495,345,51,0,0,0,0,0,0,2
495,350,48,0,0,0,0,0,0,2
495,355,47,0,0,0,0,0,0,2
495,360,46,0,0,0,0,0,0,2
495,365,45,0,0,0,0,0,0,2
495,370,45,0,0,0,0,0,0,2
495,375,46,0,0,0,0,0,0,2
495,380,47,0,0,0,0,0,0,2
495,385,48,0,0,0,0,0,0,2
495,390,50,0,0,0,0,0,0,2
495,395,52,0,0,0,0,0,0,2
495,400,55,0,0,0,0,0,0,2
495,405,58,0,0,0,0,0,0,2
495,410,62,0,0,0,0,0,0,2
495,415,65,0,0,0,0,0,0,2
495,420,69,0,0,0,0,0,0,2
495,425,73,0,0,0,0,0,0,3
495,430,77,0,0,0,0,0,0,3
495,435,81,0,0,0,0,0,0,3
495,440,85,0,0,0,0,0,0,3
495,445,89,0,0,0,0,0,0,3
495,450,94,0,0,0,0,0,0,3
495,455,98,0,0,0,0,0,0,3
495,460,102,0,0,0,0,0,0,4
495,465,107,0,0,0,0,0,0,4
495,470,111,0,0,0,0,0,0,4
495,475,116,0,0,0,0,0,0,4
495,480,121,0,0,0,0,0,0,4
500,240,134,0,0,0,0,0,0,5
500,245,129,0,0,0,0,0,0,5
500,250,125,0,0,0,0,0,0,4
500,255,120,0,0,0,0,0,0,4
500,260,115,0,0,0,0,0,0,4
500,265,110,0,0,0,0,0,0,4
500,270,106,0,0,0,0,0,0,4
500,275,101,0,0,0,0,0,0,4
500,280,97,0,0,0,0,0,0,3
500,285,92,0,0,0,0,0,0,3
500,290,88,0,0,0,0,0,0,3
500,295,83,0,0,0,0,0,0,3
500,300,79,0,0,0,0,0,0,3
500,305,75,0,0,0,0,0,0,3
500,310,70,0,0,0,0,0,0,2
500,315,66,0,0,0,0,0,0,2
500,320,62,0,0,0,0,0,0,2
500,325,59,0,0,0,0,0,0,2
500,330,55,0,0,0,0,0,0,2
500,335,52,0,0,0,0,0,0,2
500,340,49,0,0,0,0,0,0,2
500,345,46,0,0,0,0,0,0,2
500,350,44,0,0,0,0,0,0,2
500,355,42,0,0,0,0,0,0,1
500,360,41,0,0,0,0,0,0,1
500,365,40,0,0,0,0,0,0,1
500,370,40,0,0,0,0,0,0,1
500,375,41,0,0,0,0,0,0,1
500,380,42,0,0,0,0,0,0,1
500,385,43,0,0,0,0,0,0,2
500,390,46,0,0,0,0,0,0,2
500,395,48,0,0,0,0,0,0,2
500,400,51,0,0,0,0,0,0,2
500,405,54,0,0,0,0,0,0,2
500,410,58,0,0,0,0,0,0,2
500,415,62,0,0,0,0,0,0,2
500,420,66,0,0,0,0,0,0,2
500,425,70,0,0,0,0,0,0,2
500,430,74,0,0,0,0,0,0,3
500,435,78,0,0,0,0,0,0,3
500,440,82,0,0,0,0,0,0,3
500,445,87,0,0,0,0,0,0,3
500,450,91,0,0,0,0,0,0,3
500,455,96,0,0,0,0,0,0,3
500,460,100,0,0,0,0,0,0,4
500,465,105,0,0,0,0,0,0,4
500,470,110,0,0,0,0,0,0,4
500,475,114,0,0,0,0,0,0,4
500,480,119,0,0,0,0,0,0,4
505,240,133,0,0,0,0,0,0,5
505,245,128,0,0,0,0,0,0,4
505,250,123,0,0,0,0,0,0,4
505,255,118,0,0,0,0,0,0,4
505,260,114,0,0,0,0,0,0,4
505,265,109,0,0,0,0,0,0,4
505,270,104,0,0,0,0,0,0,4
505,275,99,0,0,0,0,0,0,3
505,280,95,0,0,0,0,0,0,3
505,285,90,0,0,0,0,0,0,3
505,290,85,0,0,0,0,0,0,3
505,295,81,0,0,0,0,0,0,3
505,300,76,0,0,0,0,0,0,3
505,305,72,0,0,0,0,0,0,3
505,310,68,0,0,0,0,0,0,2
505,315,64,0,0,0,0,0,0,2
505,320,59,0,0,0,0,0,0,2
505,325,55,0,0,0,0,0,0,2
505,330,52,0,0,0,0,0,0,2
505,335,48,0,0,0,0,0,0,2
505,340,45,0,0,0,0,0,0,2
505,345,42,0,0,0,0,0,0,1
505,350,39,0,0,0,0,0,0,1
505,355,37,0,0,0,0,0,0,1
505,360,36,0,0,0,0,0,0,1
505,365,35,0,0,0,0,0,0,1
505,370,35,0,0,0,0,0,0,1
505,375,36,0,0,0,0,0,0,1
505,380,37,0,0,0,0,0,0,1
505,385,39,0,0,0,0,0,0,1
505,390,41,0,0,0,0,0,0,1
505,395,44,0,0,0,0,0,0,2
505,400,47,0,0,0,0,0,0,2
505,405,51,0,0,0,0,0,0,2
505,410,55,0,0,0,0,0,0,2
505,415,59,0,0,0,0,0,0,2
505,420,63,0,0,0,0,0,0,2
505,425,67,0,0,0,0,0,0,2
505,430,71,0,0,0,0,0,0,2
505,435,76,0,0,0,0,0,0,3
505,440,80,0,0,0,0,0,0,3
505,445,85,0,0,0,0,0,0,3
505,450,89,0,0,0,0,0,0,3
505,455,94,0,0,0,0,0,0,3
505,460,98,0,0,0,0,0,0,3
505,465,103,0,0,0,0,0,0,4
505,470,108,0,0,0,0,0,0,4
505,475,113,0,0,0,0,0,0,4
505,480,117,0,0,0,0,0,0,4
510,240,131,0,0,0,0,0,0,5
510,245,127,0,0,0,0,0,0,4
510,250,122,0,0,0,0,0,0,4
510,255,117,0,0,0,0,0,0,4
510,260,112,0,0,0,0,0,0,4
510,265,107,0,0,0,0,0,0,4
510,270,102,0,0,0,0,0,0,4
510,275,98,0,0,0,0,0,0,3
510,280,93,0,0,0,0,0,0,3
510,285,88,0,0,0,0,0,0,3
510,290,84,0,0,0,0,0,0,3
510,295,79,0,0,0,0,0,0,3
510,300,74,0,0,0,0,0,0,3
510,305,70,0,0,0,0,0,0,2
510,310,65,0,0,0,0,0,0,2
510,315,61,0,0,0,0,0,0,2
510,320,57,0,0,0,0,0,0,2
510,325,52,0,0,0,0,0,0,2
510,330,48,0,0,0,0,0,0,2
510,335,45,0,0,0,0,0,0,2
510,340,41,0,0,0,0,0,0,1
510,345,38,0,0,0,0,0,0,1
510,350,35,0,0,0,0,0,0,1
510,355,33,0,0,0,0,0,0,1
510,360,31,0,0,0,0,0,0,1
510,365,30,0,0,0,0,0,0,1
510,370,30,0,0,0,0,0,0,1
510,375,31,0,0,0,0,0,0,1
510,380,32,0,0,0,0,0,0,1
510,385,34,0,0,0,0,0,0,1
510,390,37,0,0,0,0,0,0,1
510,395,40,0,0,0,0,0,0,1
510,400,44,0,0,0,0,0,0,2
510,405,48,0,0,0,0,0,0,2
510,410,52,0,0,0,0,0,0,2
510,415,56,0,0,0,0,0,0,2
510,420,60,0,0,0,0,0,0,2
510,425,64,0,0,0,0,0,0,2
510,430,69,0,0,0,0,0,0,2
510,435,73,0,0,0,0,0,0,3
510,440,78,0,0,0,0,0,0,3
510,445,83,0,0,0,0,0,0,3
510,450,87,0,0,0,0,0,0,3
510,455,92,0,0,0,0,0,0,3
510,460,97,0,0,0,0,0,0,3
510,465,102,0,0,0,0,0,0,4
510,470,106,0,0,0,0,0,0,4
510,475,111,0,0,0,0,0,0,4
510,480,116,0,0,0,0,0,0,4
515,240,130,0,0,0,0,0,0,5
515,245,126,0,0,0,0,0,0,4
515,250,121,0,0,0,0,0,0,4
515,255,116,0,0,0,0,0,0,4
515,260,111,0,0,0,0,0,0,4
515,265,106,0,0,0,0,0,0,4
515,270,101,0,0,0,0,0,0,4
515,275,96,0,0,0,0,0,0,3
515,280,91,0,0,0,0,0,0,3
515,285,87,0,0,0,0,0,0,3
515,290,82,0,0,0,0,0,0,3
515,295,77,0,0,0,0,0,0,3
515,300,72,0,0,0,0,0,0,3
515,305,68,0,0,0,0,0,0,2
515,310,63,0,0,0,0,0,0,2
515,315,59,0,0,0,0,0,0,2
515,320,54,0,0,0,0,0,0,2
515,325,50,0,0,0,0,0,0,2
515,330,45,0,0,0,0,0,0,2
515,335,41,0,0,0,0,0,0,1
515,340,38,0,0,0,0,0,0,1
515,345,34,0,0,0,0,0,0,1
515,350,31,0,0,0,0,0,0,1
515,355,28,0,0,0,0,0,0,1
515,360,26,0,0,0,0,0,0,1
515,365,25,0,0,0,0,0,0,1
515,370,25,0,0,0,0,0,0,1
515,375,26,0,0,0,0,0,0,1
515,380,28,0,0,0,0,0,0,1
515,385,30,0,0,0,0,0,0,1
515,390,33,0,0,0,0,0,0,1
515,395,37,0,0,0,0,0,0,1
515,400,41,0,0,0,0,0,0,1
515,405,45,0,0,0,0,0,0,2
515,410,49,0,0,0,0,0,0,2
515,415,53,0,0,0,0,0,0,2
515,420,58,0,0,0,0,0,0,2
515,425,62,0,0,0,0,0,0,2
515,430,67,0,0,0,0,0,0,2
515,435,72,0,0,0,0,0,0,3
515,440,76,0,0,0,0,0,0,3
515,445,81,0,0,0,0,0,0,3
515,450,86,0,0,0,0,0,0,3
515,455,91,0,0,0,0,0,0,3
515,460,95,0,0,0,0,0,0,3
515,465,100,0,0,0,0,0,0,4
515,470,105,0,0,0,0,0,0,4
515,475,110,0,0,0,0,0,0,4
515,480,115,0,0,0,0,0,0,4
520,240,130,0,0,0,0,0,0,5
520,245,125,0,0,0,0,0,0,4
520,250,120,0,0,0,0,0,0,4
520,255,115,0,0,0,0,0,0,4
520,260,110,0,0,0,0,0,0,4
520,265,105,0,0,0,0,0,0,4
520,270,100,0,0,0,0,0,0,4
520,275,95,0,0,0,0,0,0,3
520,280,90,0,0,0,0,0,0,3
520,285,85,0,0,0,0,0,0,3
520,290,81,0,0,0,0,0,0,3
520,295,76,0,0,0,0,0,0,3
520,300,71,0,0,0,0,0,0,2
520,305,66,0,0,0,0,0,0,2
520,310,61,0,0,0,0,0,0,2
520,315,57,0,0,0,0,0,0,2
520,320,52,0,0,0,0,0,0,2
520,325,47,0,0,0,0,0,0,2
520,330,43,0,0,0,0,0,0,2
520,335,39,0,0,0,0,0,0,1
520,340,34,0,0,0,0,0,0,1
520,345,30,0,0,0,0,0,0,1
520,350,27,0,0,0,0,0,0,1
520,355,24,0,0,0,0,0,0,1
520,360,22,0,0,0,0,0,0,1
520,365,20,0,0,0,0,0,0,1
520,370,20,0,0,0,0,0,0,1
520,375,21,0,0,0,0,0,0,1
520,380,23,0,0,0,0,0,0,1
520,385,26,0,0,0,0,0,0,1
520,390,30,0,0,0,0,0,0,1
520,395,34,0,0,0,0,0,0,1
520,400,38,0,0,0,0,0,0,1
520,405,42,0,0,0,0,0,0,1
520,410,47,0,0,0,0,0,0,2
520,415,51,0,0,0,0,0,0,2
520,420,56,0,0,0,0,0,0,2
520,425,60,0,0,0,0,0,0,2
520,430,65,0,0,0,0,0,0,2
520,435,70,0,0,0,0,0,0,2
520,440,75,0,0,0,0,0,0,3
520,445,80,0,0,0,0,0,0,3
520,450,84,0,0,0,0,0,0,3
520,455,89,0,0,0,0,0,0,3
520,460,94,0,0,0,0,0,0,3
520,465,99,0,0,0,0,0,0,3
520,470,104,0,0,0,0,0,0,4
520,475,109,0,0,0,0,0,0,4
520,480,114,0,0,0,0,0,0,4
525,240,129,0,0,0,0,0,0,5
525,245,124,0,0,0,0,0,0,4
525,250,119,0,0,0,0,0,0,4
525,255,114,0,0,0,0,0,0,4
525,260,109,0,0,0,0,0,0,4
525,265,104,0,0,0,0,0,0,4
525,270,99,0,0,0,0,0,0,3
525,275,94,0,0,0,0,0,0,3
525,280,89,0,0,0,0,0,0,3
525,285,84,0,0,0,0,0,0,3
525,290,79,0,0,0,0,0,0,3
525,295,75,0,0,0,0,0,0,3
525,300,70,0,0,0,0,0,0,2
525,305,65,0,0,0,0,0,0,2
525,310,60,0,0,0,0,0,0,2
525,315,55,0,0,0,0,0,0,2
525,320,50,0,0,0,0,0,0,2
525,325,46,0,0,0,0,0,0,2
525,330,41,0,0,0,0,0,0,1
525,335,36,0,0,0,0,0,0,1
525,340,32,0,0,0,0,0,0,1
525,345,27,0,0,0,0,0,0,1
525,350,23,0,0,0,0,0,0,1
525,355,20,0,0,0,0,0,0,1
525,360,17,0,0,0,0,0,0,1
525,365,15,0,0,0,0,0,0,1
525,370,15,0,0,0,0,0,0,1
525,375,17,0,0,0,0,0,0,1
525,380,19,0,0,0,0,0,0,1
525,385,23,0,0,0,0,0,0,1
525,390,27,0,0,0,0,0,0,1
525,395,31,0,0,0,0,0,0,1
525,400,35,0,0,0,0,0,0,1
525,405,40,0,0,0,0,0,0,1
525,410,45,0,0,0,0,0,0,2
525,415,49,0,0,0,0,0,0,2
525,420,54,0,0,0,0,0,0,2
525,425,59,0,0,0,0,0,0,2
525,430,64,0,0,0,0,0,0,2
525,435,69,0,0,0,0,0,0,2
525,440,74,0,0,0,0,0,0,3
525,445,78,0,0,0,0,0,0,3
525,450,83,0,0,0,0,0,0,3
525,455,88,0,0,0,0,0,0,3
525,460,93,0,0,0,0,0,0,3
525,465,98,0,0,0,0,0,0,3
525,470,103,0,0,0,0,0,0,4
525,475,108,0,0,0,0,0,0,4
525,480,113,0,0,0,0,0,0,4
530,240,128,0,0,0,0,0,0,4
530,245,123,0,0,0,0,0,0,4
530,250,118,0,0,0,0,0,0,4
530,255,113,0,0,0,0,0,0,4
530,260,108,0,0,0,0,0,0,4
530,265,103,0,0,0,0,0,0,4
530,270,99,0,0,0,0,0,0,3
530,275,94,0,0,0,0,0,0,3
530,280,89,0,0,0,0,0,0,3
530,285,84,0,0,0,0,0,0,3
530,290,79,0,0,0,0,0,0,3
530,295,74,0,0,0,0,0,0,3
530,300,69,0,0,0,0,0,0,2
530,305,64,0,0,0,0,0,0,2
530,310,59,0,0,0,0,0,0,2
530,315,54,0,0,0,0,0,0,2
530,320,49,0,0,0,0,0,0,2
530,325,44,0,0,0,0,0,0,2
530,330,39,0,0,0,0,0,0,1
530,335,34,0,0,0,0,0,0,1
530,340,30,0,0,0,0,0,0,1
530,345,25,0,0,0,0,0,0,1
530,350,21,0,0,0,0,0,0,1
530,355,16,0,0,0,0,0,0,1
530,360,13,0,0,0,0,0,0,0
530,365,10,0,0,0,0,0,0,0
530,370,10,0,0,0,0,0,0,0
530,375,12,0,0,0,0,0,0,0
530,380,16,0,0,0,0,0,0,1
530,385,20,0,0,0,0,0,0,1
530,390,24,0,0,0,0,0,0,1
530,395,29,0,0,0,0,0,0,1
530,400,34,0,0,0,0,0,0,1
530,405,38,0,0,0,0,0,0,1
530,410,43,0,0,0,0,0,0,2
530,415,48,0,0,0,0,0,0,2
530,420,53,0,0,0,0,0,0,2
530,425,58,0,0,0,0,0,0,2
530,430,63,0,0,0,0,0,0,2
530,435,68,0,0,0,0,0,0,2
530,440,73,0,0,0,0,0,0,3
530,445,78,0,0,0,0,0,0,3
530,450,83,0,0,0,0,0,0,3
530,455,88,0,0,0,0,0,0,3
530,460,93,0,0,0,0,0,0,3
530,465,98,0,0,0,0,0,0,3
530,470,102,0,0,0,0,0,0,4
530,475,107,0,0,0,0,0,0,4
530,480,112,0,0,0,0,0,0,4
535,240,128,0,0,0,0,0,0,4
535,245,123,0,0,0,0,0,0,4
535,250,118,0,0,0,0,0,0,4
535,255,113,0,0,0,0,0,0,4
535,260,108,0,0,0,0,0,0,4
535,265,103,0,0,0,0,0,0,4
535,270,98,0,0,0,0,0,0,3
535,275,93,0,0,0,0,0,0,3
535,280,88,0,0,0,0,0,0,3
535,285,83,0,0,0,0,0,0,3
535,290,78,0,0,0,0,0,0,3
535,295,73,0,0,0,0,0,0,3
535,300,68,0,0,0,0,0,0,2
535,305,63,0,0,0,0,0,0,2
535,310,58,0,0,0,0,0,0,2
535,315,53,0,0,0,0,0,0,2
535,320,48,0,0,0,0,0,0,2
535,325,43,0,0,0,0,0,0,2
535,330,38,0,0,0,0,0,0,1
535,335,33,0,0,0,0,0,0,1
535,340,28,0,0,0,0,0,0,1
535,345,24,0,0,0,0,0,0,1
535,350,19,0,0,0,0,0,0,1
535,355,14,0,0,0,0,0,0,0
535,360,9,0,0,0,0,0,0,0
535,365,6,0,0,0,0,0,0,0
535,370,5,0,0,0,0,0,0,0
535,375,9,0,0,0,0,0,0,0
535,380,13,0,0,0,0,0,0,0
535,385,18,0,0,0,0,0,0,1
535,390,23,0,0,0,0,0,0,1
535,395,27,0,0,0,0,0,0,1
535,400,32,0,0,0,0,0,0,1
535,405,37,0,0,0,0,0,0,1
535,410,42,0,0,0,0,0,0,1
535,415,47,0,0,0,0,0,0,2
535,420,52,0,0,0,0,0,0,2
535,425,57,0,0,0,0,0,0,2
535,430,62,0,0,0,0,0,0,2
535,435,67,0,0,0,0,0,0,2
535,440,72,0,0,0,0,0,0,3
535,445,77,0,0,0,0,0,0,3
535,450,82,0,0,0,0,0,0,3
535,455,87,0,0,0,0,0,0,3
535,460,92,0,0,0,0,0,0,3
535,465,97,0,0,0,0,0,0,3
535,470,102,0,0,0,0,0,0,4
535,475,107,0,0,0,0,0,0,4
535,480,112,0,0,0,0,0,0,4
540,240,128,0,0,0,0,0,0,4
540,245,123,0,0,0,0,0,0,4
540,250,118,0,0,0,0,0,0,4
540,255,113,0,0,0,0,0,0,4
540,260,108,0,0,0,0,0,0,4
540,265,103,0,0,0,0,0,0,4
540,270,98,0,0,0,0,0,0,3
540,275,93,0,0,0,0,0,0,3
540,280,88,0,0,0,0,0,0,3
540,285,83,0,0,0,0,0,0,3
540,290,78,0,0,0,0,0,0,3
540,295,73,0,0,0,0,0,0,3
540,300,68,0,0,0,0,0,0,2
540,305,63,0,0,0,0,0,0,2
540,310,58,0,0,0,0,0,0,2
540,315,53,0,0,0,0,0,0,2
540,320,48,0,0,0,0,0,0,2
540,325,43,0,0,0,0,0,0,2
540,330,38,0,0,0,0,0,0,1
540,335,33,0,0,0,0,0,0,1
540,340,28,0,0,0,0,0,0,1
540,345,23,0,0,0,0,0,0,1
540,350,18,0,0,0,0,0,0,1
540,355,13,0,0,0,0,0,0,0
540,360,8,0,0,0,0,0,0,0
540,365,3,0,0,0,0,0,0,0
540,370,2,0,0,0,0,0,0,0
540,375,7,0,0,0,0,0,0,0
540,380,12,0,0,0,0,0,0,0
540,385,17,0,0,0,0,0,0,1
540,390,22,0,0,0,0,0,0,1
540,395,27,0,0,0,0,0,0,1
540,400,32,0,0,0,0,0,0,1
540,405,37,0,0,0,0,0,0,1
540,410,42,0,0,0,0,0,0,1
540,415,47,0,0,0,0,0,0,2
540,420,52,0,0,0,0,0,0,2
540,425,57,0,0,0,0,0,0,2
540,430,62,0,0,0,0,0,0,2
540,435,67,0,0,0,0,0,0,2
540,440,72,0,0,0,0,0,0,3
540,445,77,0,0,0,0,0,0,3
540,450,82,0,0,0,0,0,0,3
540,455,87,0,0,0,0,0,0,3
540,460,92,0,0,0,0,0,0,3
540,465,97,0,0,0,0,0,0,3
540,470,102,0,0,0,0,0,0,4
540,475,107,0,0,0,0,0,0,4
540,480,112,0,0,0,0,0,0,4
545,240,128,0,0,0,0,0,0,4
545,245,123,0,0,0,0,0,0,4
545,250,118,0,0,0,0,0,0,4
545,255,113,0,0,0,0,0,0,4
545,260,108,0,0,0,0,0,0,4
545,265,103,0,0,0,0,0,0,4
545,270,98,0,0,0,0,0,0,3
545,275,93,0,0,0,0,0,0,3
545,280,88,0,0,0,0,0,0,3
545,285,83,0,0,0,0,0,0,3
545,290,78,0,0,0,0,0,0,3
545,295,73,0,0,0,0,0,0,3
545,300,68,0,0,0,0,0,0,2
545,305,63,0,0,0,0,0,0,2
545,310,58,0,0,0,0,0,0,2
545,315,53,0,0,0,0,0,0,2
545,320,48,0,0,0,0,0,0,2
545,325,43,0,0,0,0,0,0,2
545,330,38,0,0,0,0,0,0,1
545,335,33,0,0,0,0,0,0,1
545,340,28,0,0,0,0,0,0,1
545,345,24,0,0,0,0,0,0,1
545,350,19,0,0,0,0,0,0,1
545,355,14,0,0,0,0,0,0,0
545,360,9,0,0,0,0,0,0,0
545,365,6,0,0,0,0,0,0,0
545,370,5,0,0,0,0,0,0,0
545,375,9,0,0,0,0,0,0,0
545,380,13,0,0,0,0,0,0,0
545,385,18,0,0,0,0,0,0,1
545,390,23,0,0,0,0,0,0,1
545,395,27,0,0,0,0,0,0,1
545,400,32,0,0,0,0,0,0,1
545,405,37,0,0,0,0,0,0,1
545,410,42,0,0,0,0,0,0,1
545,415,47,0,0,0,0,0,0,2
545,420,52,0,0,0,0,0,0,2
545,425,57,0,0,0,0,0,0,2
545,430,62,0,0,0,0,0,0,2
545,435,67,0,0,0,0,0,0,2
545,440,72,0,0,0,0,0,0,3
545,445,77,0,0,0,0,0,0,3
545,450,82,0,0,0,0,0,0,3
545,455,87,0,0,0,0,0,0,3
545,460,92,0,0,0,0,0,0,3
545,465,97,0,0,0,0,0,0,3
545,470,102,0,0,0,0,0,0,4
545,475,107,0,0,0,0,0,0,4
545,480,112,0,0,0,0,0,0,4
550,240,128,0,0,0,0,0,0,4
550,245,123,0,0,0,0,0,0,4
550,250,118,0,0,0,0,0,0,4
550,255,113,0,0,0,0,0,0,4
550,260,108,0,0,0,0,0,0,4
550,265,103,0,0,0,0,0,0,4
550,270,99,0,0,0,0,0,0,3
550,275,94,0,0,0,0,0,0,3
550,280,89,0,0,0,0,0,0,3
550,285,84,0,0,0,0,0,0,3
550,290,79,0,0,0,0,0,0,3
550,295,74,0,0,0,0,0,0,3
550,300,69,0,0,0,0,0,0,2
550,305,64,0,0,0,0,0,0,2
550,310,59,0,0,0,0,0,0,2
550,315,54,0,0,0,0,0,0,2
550,320,49,0,0,0,0,0,0,2
550,325,44,0,0,0,0,0,0,2
550,330,39,0,0,0,0,0,0,1
550,335,34,0,0,0,0,0,0,1
550,340,30,0,0,0,0,0,0,1
550,345,25,0,0,0,0,0,0,1
550,350,21,0,0,0,0,0,0,1
550,355,16,0,0,0,0,0,0,1
550,360,13,0,0,0,0,0,0,0
550,365,10,0,0,0,0,0,0,0
550,370,10,0,0,0,0,0,0,0
550,375,12,0,0,0,0,0,0,0
550,380,16,0,0,0,0,0,0,1
550,385,20,0,0,0,0,0,0,1
550,390,24,0,0,0,0,0,0,1
550,395,29,0,0,0,0,0,0,1
550,400,34,0,0,0,0,0,0,1
550,405,38,0,0,0,0,0,0,1
550,410,43,0,0,0,0,0,0,2
550,415,48,0,0,0,0,0,0,2
550,420,53,0,0,0,0,0,0,2
550,425,58,0,0,0,0,0,0,2
550,430,63,0,0,0,0,0,0,2
550,435,68,0,0,0,0,0,0,2
550,440,73,0,0,0,0,0,0,3
550,445,78,0,0,0,0,0,0,3
550,450,83,0,0,0,0,0,0,3
550,455,88,0,0,0,0,0,0,3
550,460,93,0,0,0,0,0,0,3
550,465,98,0,0,0,0,0,0,3
550,470,102,0,0,0,0,0,0,4
550,475,107,0,0,0,0,0,0,4
550,480,112,0,0,0,0,0,0,4
555,240,129,0,0,0,0,0,0,5
555,245,124,0,0,0,0,0,0,4
555,250,119,0,0,0,0,0,0,4
555,255,114,0,0,0,0,0,0,4
555,260,109,0,0,0,0,0,0,4
555,265,104,0,0,0,0,0,0,4
555,270,99,0,0,0,0,0,0,3
555,275,94,0,0,0,0,0,0,3
555,280,89,0,0,0,0,0,0,3
555,285,84,0,0,0,0,0,0,3
555,290,79,0,0,0,0,0,0,3
555,295,75,0,0,0,0,0,0,3
555,300,70,0,0,0,0,0,0,2
555,305,65,0,0,0,0,0,0,2
555,310,60,0,0,0,0,0,0,2
555,315,55,0,0,0,0,0,0,2
555,320,50,0,0,0,0,0,0,2
555,325,46,0,0,0,0,0,0,2
555,330,41,0,0,0,0,0,0,1
555,335,36,0,0,0,0,0,0,1
555,340,32,0,0,0,0,0,0,1
555,345,27,0,0,0,0,0,0,1
555,350,23,0,0,0,0,0,0,1
555,355,20,0,0,0,0,0,0,1
555,360,17,0,0,0,0,0,0,1
555,365,15,0,0,0,0,0,0,1
555,370,15,0,0,0,0,0,0,1
555,375,17,0,0,0,0,0,0,1
555,380,19,0,0,0,0,0,0,1
555,385,23,0,0,0,0,0,0,1
555,390,27,0,0,0,0,0,0,1
555,395,31,0,0,0,0,0,0,1
555,400,35,0,0,0,0,0,0,1
555,405,40,0,0,0,0,0,0,1
555,410,45,0,0,0,0,0,0,2
555,415,49,0,0,0,0,0,0,2
555,420,54,0,0,0,0,0,0,2
555,425,59,0,0,0,0,0,0,2
555,430,64,0,0,0,0,0,0,2
555,435,69,0,0,0,0,0,0,2
555,440,74,0,0,0,0,0,0,3
555,445,78,0,0,0,0,0,0,3
555,450,83,0,0,0,0,0,0,3
555,455,88,0,0,0,0,0,0,3
555,460,93,0,0,0,0,0,0,3
555,465,98,0,0,0,0,0,0,3
555,470,103,0,0,0,0,0,0,4
555,475,108,0,0,0,0,0,0,4
555,480,113,0,0,0,0,0,0,4
560,240,130,0,0,0,0,0,0,5
560,245,125,0,0,0,0,0,0,4
560,250,120,0,0,0,0,0,0,4
560,255,115,0,0,0,0,0,0,4
560,260,110,0,0,0,0,0,0,4
560,265,105,0,0,0,0,0,0,4
560,270,100,0,0,0,0,0,0,4
560,275,95,0,0,0,0,0,0,3
560,280,90,0,0,0,0,0,0,3
560,285,85,0,0,0,0,0,0,3
560,290,81,0,0,0,0,0,0,3
560,295,76,0,0,0,0,0,0,3
560,300,71,0,0,0,0,0,0,2
560,305,66,0,0,0,0,0,0,2
560,310,61,0,0,0,0,0,0,2
560,315,57,0,0,0,0,0,0,2
560,320,52,0,0,0,0,0,0,2
560,325,47,0,0,0,0,0,0,2
560,330,43,0,0,0,0,0,0,2
560,335,39,0,0,0,0,0,0,1
560,340,34,0,0,0,0,0,0,1
560,345,30,0,0,0,0,0,0,1
560,350,27,0,0,0,0,0,0,1
560,355,24,0,0,0,0,0,0,1
560,360,22,0,0,0,0,0,0,1
560,365,20,0,0,0,0,0,0,1
560,370,20,0,0,0,0,0,0,1
560,375,21,0,0,0,0,0,0,1
560,380,23,0,0,0,0,0,0,1
560,385,26,0,0,0,0,0,0,1
560,390,30,0,0,0,0,0,0,1
560,395,34,0,0,0,0,0,0,1
560,400,38,0,0,0,0,0,0,1
560,405,42,0,0,0,0,0,0,1
560,410,47,0,0,0,0,0,0,2
560,415,51,0,0,0,0,0,0,2
560,420,56,0,0,0,0,0,0,2
560,425,60,0,0,0,0,0,0,2
560,430,65,0,0,0,0,0,0,2
560,435,70,0,0,0,0,0,0,2
560,440,75,0,0,0,0,0,0,3
560,445,80,0,0,0,0,0,0,3
560,450,84,0,0,0,0,0,0,3
560,455,89,0,0,0,0,0,0,3
560,460,94,0,0,0,0,0,0,3
560,465,99,0,0,0,0,0,0,3
560,470,104,0,0,0,0,0,0,4
560,475,109,0,0,0,0,0,0,4
560,480,114,0,0,0,0,0,0,4
565,240,130,0,0,0,0,0,0,5
565,245,126,0,0,0,0,0,0,4
565,250,121,0,0,0,0,0,0,4
565,255,116,0,0,0,0,0,0,4
565,260,111,0,0,0,0,0,0,4
565,265,106,0,0,0,0,0,0,4
565,270,101,0,0,0,0,0,0,4
565,275,96,0,0,0,0,0,0,3
565,280,91,0,0,0,0,0,0,3
565,285,87,0,0,0,0,0,0,3
565,290,82,0,0,0,0,0,0,3
565,295,77,0,0,0,0,0,0,3
565,300,72,0,0,0,0,0,0,3
565,305,68,0,0,0,0,0,0,2
565,310,63,0,0,0,0,0,0,2
565,315,59,0,0,0,0,0,0,2
565,320,54,0,0,0,0,0,0,2
565,325,50,0,0,0,0,0,0,2
565,330,45,0,0,0,0,0,0,2
565,335,41,0,0,0,0,0,0,1
565,340,38,0,0,0,0,0,0,1
565,345,34,0,0,0,0,0,0,1
565,350,31,0,0,0,0,0,0,1
565,355,28,0,0,0,0,0,0,1
565,360,26,0,0,0,0,0,0,1
565,365,25,0,0,0,0,0,0,1
565,370,25,0,0,0,0,0,0,1
565,375,26,0,0,0,0,0,0,1
565,380,28,0,0,0,0,0,0,1
565,385,30,0,0,0,0,0,0,1
565,390,33,0,0,0,0,0,0,1
565,395,37,0,0,0,0,0,0,1
565,400,41,0,0,0,0,0,0,1
565,405,45,0,0,0,0,0,0,2
565,410,49,0,0,0,0,0,0,2
565,415,53,0,0,0,0,0,0,2
565,420,58,0,0,0,0,0,0,2
565,425,62,0,0,0,0,0,0,2
565,430,67,0,0,0,0,0,0,2
565,435,72,0,0,0,0,0,0,3
565,440,76,0,0,0,0,0,0,3
565,445,81,0,0,0,0,0,0,3
565,450,86,0,0,0,0,0,0,3
565,455,91,0,0,0,0,0,0,3
565,460,95,0,0,0,0,0,0,3
565,465,100,0,0,0,0,0,0,4
565,470,105,0,0,0,0,0,0,4
565,475,110,0,0,0,0,0,0,4
565,480,115,0,0,0,0,0,0,4
570,240,131,0,0,0,0,0,0,5
570,245,127,0,0,0,0,0,0,4
570,250,122,0,0,0,0,0,0,4
570,255,117,0,0,0,0,0,0,4
570,260,112,0,0,0,0,0,0,4
570,265,107,0,0,0,0,0,0,4
570,270,102,0,0,0,0,0,0,4
570,275,98,0,0,0,0,0,0,3
570,280,93,0,0,0,0,0,0,3
570,285,88,0,0,0,0,0,0,3
570,290,84,0,0,0,0,0,0,3
570,295,79,0,0,0,0,0,0,3
570,300,74,0,0,0,0,0,0,3
570,305,70,0,0,0,0,0,0,2
570,310,65,0,0,0,0,0,0,2
570,315,61,0,0,0,0,0,0,2
570,320,57,0,0,0,0,0,0,2
570,325,52,0,0,0,0,0,0,2
570,330,48,0,0,0,0,0,0,2
570,335,45,0,0,0,0,0,0,2
570,340,41,0,0,0,0,0,0,1
570,345,38,0,0,0,0,0,0,1
570,350,35,0,0,0,0,0,0,1
570,355,33,0,0,0,0,0,0,1
570,360,31,0,0,0,0,0,0,1
570,365,30,0,0,0,0,0,0,1
570,370,30,0,0,0,0,0,0,1
570,375,31,0,0,0,0,0,0,1
570,380,32,0,0,0,0,0,0,1
570,385,34,0,0,0,0,0,0,1
570,390,37,0,0,0,0,0,0,1
570,395,40,0,0,0,0,0,0,1
570,400,44,0,0,0,0,0,0,2
570,405,48,0,0,0,0,0,0,2
570,410,52,0,0,0,0,0,0,2
570,415,56,0,0,0,0,0,0,2
570,420,60,0,0,0,0,0,0,2
570,425,64,0,0,0,0,0,0,2
570,430,69,0,0,0,0,0,0,2
570,435,73,0,0,0,0,0,0,3
570,440,78,0,0,0,0,0,0,3
570,445,83,0,0,0,0,0,0,3
570,450,87,0,0,0,0,0,0,3
570,455,92,0,0,0,0,0,0,3
570,460,97,0,0,0,0,0,0,3
570,465,102,0,0,0,0,0,0,4
570,470,106,0,0,0,0,0,0,4
570,475,111,0,0,0,0,0,0,4
570,480,116,0,0,0,0,0,0,4
575,240,133,0,0,0,0,0,0,5
575,245,128,0,0,0,0,0,0,4
575,250,123,0,0,0,0,0,0,4
575,255,118,0,0,0,0,0,0,4
575,260,114,0,0,0,0,0,0,4
575,265,109,0,0,0,0,0,0,4
575,270,104,0,0,0,0,0,0,4
575,275,99,0,0,0,0,0,0,3
575,280,95,0,0,0,0,0,0,3
575,285,90,0,0,0,0,0,0,3
575,290,85,0,0,0,0,0,0,3
575,295,81,0,0,0,0,0,0,3
575,300,76,0,0,0,0,0,0,3
575,305,72,0,0,0,0,0,0,3
575,310,68,0,0,0,0,0,0,2
575,315,64,0,0,0,0,0,0,2
575,320,59,0,0,0,0,0,0,2
575,325,55,0,0,0,0,0,0,2
575,330,52,0,0,0,0,0,0,2
575,335,48,0,0,0,0,0,0,2
575,340,45,0,0,0,0,0,0,2
575,345,42,0,0,0,0,0,0,1
575,350,39,0,0,0,0,0,0,1
575,355,37,0,0,0,0,0,0,1
575,360,36,0,0,0,0,0,0,1
575,365,35,0,0,0,0,0,0,1
575,370,35,0,0,0,0,0,0,1
575,375,36,0,0,0,0,0,0,1
575,380,37,0,0,0,0,0,0,1
575,385,39,0,0,0,0,0,0,1
575,390,41,0,0,0,0,0,0,1
575,395,44,0,0,0,0,0,0,2
575,400,47,0,0,0,0,0,0,2
575,405,51,0,0,0,0,0,0,2
575,410,55,0,0,0,0,0,0,2
575,415,59,0,0,0,0,0,0,2
575,420,63,0,0,0,0,0,0,2
575,425,67,0,0,0,0,0,0,2
575,430,71,0,0,0,0,0,0,2
575,435,76,0,0,0,0,0,0,3
575,440,80,0,0,0,0,0,0,3
575,445,85,0,0,0,0,0,0,3
575,450,89,0,0,0,0,0,0,3
575,455,94,0,0,0,0,0,0,3
575,460,98,0,0,0,0,0,0,3
575,465,103,0,0,0,0,0,0,4
575,470,108,0,0,0,0,0,0,4
575,475,113,0,0,0,0,0,0,4
575,480,117,0,0,0,0,0,0,4
580,240,134,0,0,0,0,0,0,5
580,245,129,0,0,0,0,0,0,5
580,250,125,0,0,0,0,0,0,4
580,255,120,0,0,0,0,0,0,4
580,260,115,0,0,0,0,0,0,4
580,265,110,0,0,0,0,0,0,4
580,270,106,0,0,0,0,0,0,4
580,275,101,0,0,0,0,0,0,4
580,280,97,0,0,0,0,0,0,3
580,285,92,0,0,0,0,0,0,3
580,290,88,0,0,0,0,0,0,3
580,295,83,0,0,0,0,0,0,3
580,300,79,0,0,0,0,0,0,3
580,305,75,0,0,0,0,0,0,3
580,310,70,0,0,0,0,0,0,2
580,315,66,0,0,0,0,0,0,2
580,320,62,0,0,0,0,0,0,2
580,325,59,0,0,0,0,0,0,2
580,330,55,0,0,0,0,0,0,2
580,335,52,0,0,0,0,0,0,2
580,340,49,0,0,0,0,0,0,2
580,345,46,0,0,0,0,0,0,2
580,350,44,0,0,0,0,0,0,2
580,355,42,0,0,0,0,0,0,1
580,360,41,0,0,0,0,0,0,1
580,365,40,0,0,0,0,0,0,1
580,370,40,0,0,0,0,0,0,1
580,375,41,0,0,0,0,0,0,1
580,380,42,0,0,0,0,0,0,1
580,385,43,0,0,0,0,0,0,2
580,390,46,0,0,0,0,0,0,2
580,395,48,0,0,0,0,0,0,2
580,400,51,0,0,0,0,0,0,2
580,405,54,0,0,0,0,0,0,2
580,410,58,0,0,0,0,0,0,2
580,415,62,0,0,0,0,0,0,2
580,420,66,0,0,0,0,0,0,2
580,425,70,0,0,0,0,0,0,2
580,430,74,0,0,0,0,0,0,3
580,435,78,0,0,0,0,0,0,3
580,440,82,0,0,0,0,0,0,3
580,445,87,0,0,0,0,0,0,3
580,450,91,0,0,0,0,0,0,3
580,455,96,0,0,0,0,0,0,3
580,460,100,0,0,0,0,0,0,4
580,465,105,0,0,0,0,0,0,4
580,470,110,0,0,0,0,0,0,4
580,475,114,0,0,0,0,0,0,4
580,480,119,0,0,0,0,0,0,4
585,240,136,0,0,0,0,0,0,5
585,245,131,0,0,0,0,0,0,5
585,250,126,0,0,0,0,0,0,4
585,255,122,0,0,0,0,0,0,4
585,260,117,0,0,0,0,0,0,4
585,265,112,0,0,0,0,0,0,4
585,270,108,0,0,0,0,0,0,4
585,275,103,0,0,0,0,0,0,4
585,280,99,0,0,0,0,0,0,3
585,285,94,0,0,0,0,0,0,3
585,290,90,0,0,0,0,0,0,3
585,295,86,0,0,0,0,0,0,3
585,300,82,0,0,0,0,0,0,3
585,305,77,0,0,0,0,0,0,3
585,310,73,0,0,0,0,0,0,3
585,315,70,0,0,0,0,0,0,2
585,320,66,0,0,0,0,0,0,2
585,325,62,0,0,0,0,0,0,2
585,330,59,0,0,0,0,0,0,2
585,335,56,0,0,0,0,0,0,2
585,340,53,0,0,0,0,0,0,2
585,345,51,0,0,0,0,0,0,2
585,350,48,0,0,0,0,0,0,2
585,355,47,0,0,0,0,0,0,2
585,360,46,0,0,0,0,0,0,2
585,365,45,0,0,0,0,0,0,2
585,370,45,0,0,0,0,0,0,2
585,375,46,0,0,0,0,0,0,2
585,380,47,0,0,0,0,0,0,2
585,385,48,0,0,0,0,0,0,2
585,390,50,0,0,0,0,0,0,2
585,395,52,0,0,0,0,0,0,2
585,400,55,0,0,0,0,0,0,2
585,405,58,0,0,0,0,0,0,2
585,410,62,0,0,0,0,0,0,2
585,415,65,0,0,0,0,0,0,2
585,420,69,0,0,0,0,0,0,2
585,425,73,0,0,0,0,0,0,3
585,430,77,0,0,0,0,0,0,3
585,435,81,0,0,0,0,0,0,3
585,440,85,0,0,0,0,0,0,3
585,445,89,0,0,0,0,0,0,3
585,450,94,0,0,0,0,0,0,3
585,455,98,0,0,0,0,0,0,3
585,460,102,0,0,0,0,0,0,4
585,465,107,0,0,0,0,0,0,4
585,470,111,0,0,0,0,0,0,4
585,475,116,0,0,0,0,0,0,4
585,480,121,0,0,0,0,0,0,4
590,240,137,0,0,0,0,0,0,5
590,245,133,0,0,0,0,0,0,5
590,250,128,0,0,0,0,0,0,4
590,255,124,0,0,0,0,0,0,4
590,260,119,0,0,0,0,0,0,4
590,265,114,0,0,0,0,0,0,4
590,270,110,0,0,0,0,0,0,4
590,275,106,0,0,0,0,0,0,4
590,280,101,0,0,0,0,0,0,4
590,285,97,0,0,0,0,0,0,3
590,290,93,0,0,0,0,0,0,3
590,295,88,0,0,0,0,0,0,3
590,300,84,0,0,0,0,0,0,3
590,305,80,0,0,0,0,0,0,3
590,310,77,0,0,0,0,0,0,3
590,315,73,0,0,0,0,0,0,3
590,320,69,0,0,0,0,0,0,2
590,325,66,0,0,0,0,0,0,2
590,330,63,0,0,0,0,0,0,2
590,335,60,0,0,0,0,0,0,2
590,340,57,0,0,0,0,0,0,2
590,345,55,0,0,0,0,0,0,2
590,350,53,0,0,0,0,0,0,2
590,355,52,0,0,0,0,0,0,2
590,360,51,0,0,0,0,0,0,2
590,365,50,0,0,0,0,0,0,2
590,370,50,0,0,0,0,0,0,2
590,375,50,0,0,0,0,0,0,2
590,380,51,0,0,0,0,0,0,2
590,385,53,0,0,0,0,0,0,2
590,390,55,0,0,0,0,0,0,2
590,395,57,0,0,0,0,0,0,2
590,400,59,0,0,0,0,0,0,2
590,405,62,0,0,0,0,0,0,2
590,410,65,0,0,0,0,0,0,2
590,415,69,0,0,0,0,0,0,2
590,420,72,0,0,0,0,0,0,3
590,425,76,0,0,0,0,0,0,3
590,430,80,0,0,0,0,0,0,3
590,435,84,0,0,0,0,0,0,3
590,440,88,0,0,0,0,0,0,3
590,445,92,0,0,0,0,0,0,3
590,450,96,0,0,0,0,0,0,3
590,455,100,0,0,0,0,0,0,4
590,460,105,0,0,0,0,0,0,4
590,465,109,0,0,0,0,0,0,4
590,470,114,0,0,0,0,0,0,4
590,475,118,0,0,0,0,0,0,4
590,480,123,0,0,0,0,0,0,4
595,240,139,0,0,0,0,0,0,5
595,245,135,0,0,0,0,0,0,5
595,250,130,0,0,0,0,0,0,5
595,255,126,0,0,0,0,0,0,4
595,260,121,0,0,0,0,0,0,4
595,265,117,0,0,0,0,0,0,4
595,270,112,0,0,0,0,0,0,4
595,275,108,0,0,0,0,0,0,4
595,280,104,0,0,0,0,0,0,4
595,285,100,0,0,0,0,0,0,3
595,290,95,0,0,0,0,0,0,3
595,295,91,0,0,0,0,0,0,3
595,300,87,0,0,0,0,0,0,3
595,305,84,0,0,0,0,0,0,3
595,310,80,0,0,0,0,0,0,3
595,315,76,0,0,0,0,0,0,3
595,320,73,0,0,0,0,0,0,3
595,325,70,0,0,0,0,0,0,2
595,330,67,0,0,0,0,0,0,2
595,335,64,0,0,0,0,0,0,2
595,340,62,0,0,0,0,0,0,2
595,345,60,0,0,0,0,0,0,2
595,350,58,0,0,0,0,0,0,2
595,355,57,0,0,0,0,0,0,2
595,360,56,0,0,0,0,0,0,2
595,365,55,0,0,0,0,0,0,2
595,370,55,0,0,0,0,0,0,2
595,375,55,0,0,0,0,0,0,2
595,380,56,0,0,0,0,0,0,2
595,385,58,0,0,0,0,0,0,2
595,390,59,0,0,0,0,0,0,2
595,395,61,0,0,0,0,0,0,2
595,400,64,0,0,0,0,0,0,2
595,405,66,0,0,0,0,0,0,2
595,410,69,0,0,0,0,0,0,2
595,415,72,0,0,0,0,0,0,3
595,420,76,0,0,0,0,0,0,3
595,425,79,0,0,0,0,0,0,3
595,430,83,0,0,0,0,0,0,3
595,435,87,0,0,0,0,0,0,3
595,440,91,0,0,0,0,0,0,3
595,445,95,0,0,0,0,0,0,3
595,450,99,0,0,0,0,0,0,3
595,455,103,0,0,0,0,0,0,4
595,460,107,0,0,0,0,0,0,4
595,465,112,0,0,0,0,0,0,4
595,470,116,0,0,0,0,0,0,4
595,475,120,0,0,0,0,0,0,4
595,480,125,0,0,0,0,0,0,4
600,240,141,0,0,0,0,0,0,5
600,245,137,0,0,0,0,0,0,5
600,250,132,0,0,0,0,0,0,5
600,255,128,0,0,0,0,0,0,4
600,260,124,0,0,0,0,0,0,4
600,265,119,0,0,0,0,0,0,4
600,270,115,0,0,0,0,0,0,4
600,275,111,0,0,0,0,0,0,4
600,280,107,0,0,0,0,0,0,4
600,285,102,0,0,0,0,0,0,4
600,290,98,0,0,0,0,0,0,3
600,295,94,0,0,0,0,0,0,3
600,300,91,0,0,0,0,0,0,3
600,305,87,0,0,0,0,0,0,3
600,310,83,0,0,0,0,0,0,3
600,315,80,0,0,0,0,0,0,3
600,320,77,0,0,0,0,0,0,3
600,325,74,0,0,0,0,0,0,3
600,330,71,0,0,0,0,0,0,2
600,335,68,0,0,0,0,0,0,2
600,340,66,0,0,0,0,0,0,2
600,345,64,0,0,0,0,0,0,2
600,350,63,0,0,0,0,0,0,2
600,355,61,0,0,0,0,0,0,2
600,360,61,0,0,0,0,0,0,2
600,365,60,0,0,0,0,0,0,2
600,370,60,0,0,0,0,0,0,2
600,375,60,0,0,0,0,0,0,2
600,380,61,0,0,0,0,0,0,2
600,385,62,0,0,0,0,0,0,2
600,390,64,0,0,0,0,0,0,2
600,395,66,0,0,0,0,0,0,2
600,400,68,0,0,0,0,0,0,2
600,405,70,0,0,0,0,0,0,2
600,410,73,0,0,0,0,0,0,3
600,415,76,0,0,0,0,0,0,3
600,420,79,0,0,0,0,0,0,3
600,425,83,0,0,0,0,0,0,3
600,430,86,0,0,0,0,0,0,3
600,435,90,0,0,0,0,0,0,3
600,440,94,0,0,0,0,0,0,3
600,445,98,0,0,0,0,0,0,3
600,450,102,0,0,0,0,0,0,4
600,455,106,0,0,0,0,0,0,4
600,460,110,0,0,0,0,0,0,4
600,465,114,0,0,0,0,0,0,4
600,470,118,0,0,0,0,0,0,4
600,475,123,0,0,0,0,0,0,4
600,480,127,0,0,0,0,0,0,4
360,240,221,0,1,0,1,0,0,21
360,245,218,0,1,0,1,0,0,21
360,250,215,0,1,0,1,0,0,21
360,255,213,0,1,0,1,0,0,20
360,260,210,0,1,0,1,0,0,20
360,265,207,0,1,0,1,0,0,20
360,270,205,0,1,0,1,0,0,20
360,275,203,0,1,0,1,0,0,20
360,280,200,0,1,0,1,0,0,20
360,285,198,0,1,0,1,0,0,20
360,290,196,0,1,0,1,0,0,20
360,295,194,0,1,0,1,0,0,20
360,300,192,0,1,0,1,0,0,20
360,305,191,0,1,0,1,0,0,20
360,310,189,0,1,0,1,0,0,20
360,315,188,0,1,0,1,0,0,20
360,320,186,0,1,0,1,0,0,20
360,325,185,0,1,0,1,0,0,19
360,330,184,0,1,0,1,0,0,19
360,335,183,0,1,0,1,0,0,19
360,340,182,0,1,0,1,0,0,19
360,345,181,0,1,0,1,0,0,19
360,350,181,0,1,0,1,0,0,19
360,355,180,0,1,0,1,0,0,19
360,360,180,0,1,0,1,0,0,19
365,240,217,0,1,0,1,0,0,21
365,245,214,0,1,0,1,0,0,20
365,250,211,0,1,0,1,0,0,20
365,255,208,0,1,0,1,0,0,20
365,260,206,0,1,0,1,0,0,20
365,265,203,0,1,0,1,0,0,20
365,270,201,0,1,0,1,0,0,20
365,275,198,0,1,0,1,0,0,20
365,280,196,0,1,0,1,0,0,20
365,285,194,0,1,0,1,0,0,20
365,290,192,0,1,0,1,0,0,20
365,295,190,0,1,0,1,0,0,20
365,300,188,0,1,0,1,0,0,20
365,305,186,0,1,0,1,0,0,20
365,310,184,0,1,0,1,0,0,19
365,315,183,0,1,0,1,0,0,19
365,320,181,0,1,0,1,0,0,19
365,325,180,0,1,0,1,0,0,19
365,330,179,0,1,0,1,0,0,19
365,335,178,0,1,0,1,0,0,19
365,340,177,0,1,0,1,0,0,19
365,345,177,0,1,0,1,0,0,19
365,350,176,0,1,0,1,0,0,19
365,355,175,0,1,0,1,0,0,19
365,360,175,0,1,0,1,0,0,19
370,240,213,0,1,0,1,0,0,20
370,245,210,0,1,0,1,0,0,20
370,250,207,0,1,0,1,0,0,20
370,255,204,0,1,0,1,0,0,20
370,260,201,0,1,0,1,0,0,20
370,265,199,0,1,0,1,0,0,20
370,270,196,0,1,0,1,0,0,20
370,275,194,0,1,0,1,0,0,20
370,280,191,0,1,0,1,0,0,20
370,285,189,0,1,0,1,0,0,20
370,290,187,0,1,0,1,0,0,20
370,295,185,0,1,0,1,0,0,19
370,300,183,0,1,0,1,0,0,19
370,305,181,0,1,0,1,0,0,19
370,310,180,0,1,0,1,0,0,19
370,315,178,0,1,0,1,0,0,19
370,320,177,0,1,0,1,0,0,19
370,325,175,0,1,0,1,0,0,19
370,330,174,0,1,0,1,0,0,19
370,335,173,0,1,0,1,0,0,19
370,340,172,0,1,0,1,0,0,19
370,345,172,0,1,0,1,0,0,19
370,350,171,0,1,0,1,0,0,19
370,355,170,0,1,0,1,0,0,19
370,360,170,0,1,0,1,0,0,19
375,240,209,0,1,0,1,0,0,20
375,245,206,0,1,0,1,0,0,20
375,250,203,0,1,0,1,0,0,20
375,255,200,0,1,0,1,0,0,20
375,260,197,0,1,0,1,0,0,20
375,265,195,0,1,0,1,0,0,20
375,270,192,0,1,0,1,0,0,20
375,275,189,0,1,0,1,0,0,20
375,280,187,0,1,0,1,0,0,20
375,285,185,0,1,0,1,0,0,19
375,290,183,0,1,0,1,0,0,19
375,295,180,0,1,0,1,0,0,19
375,300,178,0,1,0,1,0,0,19
375,305,177,0,1,0,1,0,0,19
375,310,175,0,1,0,1,0,0,19
375,315,173,0,1,0,1,0,0,19
375,320,172,0,1,0,1,0,0,19
375,325,171,0,1,0,1,0,0,19
375,330,169,0,1,0,1,0,0,19
375,335,168,0,1,0,1,0,0,19
375,340,167,0,1,0,1,0,0,19
375,345,167,0,1,0,1,0,0,19
375,350,166,0,1,0,1,0,0,19
375,355,166,0,1,0,1,0,0,19
375,360,165,0,1,0,1,0,0,19
380,240,205,0,1,0,1,0,0,20
380,245,202,0,1,0,1,0,0,20
380,250,199,0,1,0,1,0,0,20
380,255,196,0,1,0,1,0,0,20
380,260,193,0,1,0,1,0,0,20
380,265,190,0,1,0,1,0,0,20
380,270,188,0,1,0,1,0,0,20
380,275,185,0,1,0,1,0,0,19
380,280,183,0,1,0,1,0,0,19
380,285,180,0,1,0,1,0,0,19
380,290,178,0,1,0,1,0,0,19
380,295,176,0,1,0,1,0,0,19
380,300,174,0,1,0,1,0,0,19
380,305,172,0,1,0,1,0,0,19
380,310,170,0,1,0,1,0,0,19
380,315,169,0,1,0,1,0,0,19
380,320,167,0,1,0,1,0,0,19
380,325,166,0,1,0,1,0,0,19
380,330,164,0,1,0,1,0,0,19
380,335,163,0,1,0,1,0,0,19
380,340,162,0,1,0,1,0,0,19
380,345,162,0,1,0,1,0,0,19
380,350,161,0,1,0,1,0,0,19
380,355,161,0,1,0,1,0,0,19
380,360,160,0,1,0,1,0,0,19
385,240,201,0,1,0,1,0,0,20
385,245,198,0,1,0,1,0,0,20
385,250,195,0,1,0,1,0,0,20
385,255,192,0,1,0,1,0,0,20
385,260,189,0,1,0,1,0,0,20
385,265,186,0,1,0,1,0,0,20
385,270,183,0,1,0,1,0,0,19
385,275,181,0,1,0,1,0,0,19
385,280,178,0,1,0,1,0,0,19
385,285,176,0,1,0,1,0,0,19
385,290,174,0,1,0,1,0,0,19
385,295,171,0,1,0,1,0,0,19
385,300,169,0,1,0,1,0,0,19
385,305,167,0,1,0,1,0,0,19
385,310,165,0,1,0,1,0,0,19
385,315,164,0,1,0,1,0,0,19
385,320,162,0,1,0,1,0,0,19
385,325,161,0,1,0,1,0,0,19
385,330,160,0,1,0,1,0,0,19
385,335,158,0,1,0,1,0,0,19
385,340,158,0,1,0,1,0,0,19
385,345,157,0,1,0,1,0,0,18
385,350,156,0,1,0,1,0,0,18
385,355,156,0,1,0,1,0,0,18
385,360,155,0,1,0,1,0,0,18
390,240,197,0,1,0,1,0,0,20
390,245,194,0,1,0,1,0,0,20
390,250,191,0,1,0,1,0,0,20
390,255,188,0,1,0,1,0,0,20
390,260,185,0,1,0,1,0,0,19
390,265,182,0,1,0,1,0,0,19
390,270,179,0,1,0,1,0,0,19
390,275,176,0,1,0,1,0,0,19
390,280,174,0,1,0,1,0,0,19
390,285,171,0,1,0,1,0,0,19
390,290,169,0,1,0,1,0,0,19
390,295,167,0,1,0,1,0,0,19
390,300,165,0,1,0,1,0,0,19
390,305,163,0,1,0,1,0,0,19
390,310,161,0,1,0,1,0,0,19
390,315,159,0,1,0,1,0,0,19
390,320,157,0,1,0,1,0,0,19
390,325,156,0,1,0,1,0,0,18
390,330,155,0,1,0,1,0,0,18
390,335,154,0,1,0,1,0,0,18
390,340,153,0,1,0,1,0,0,18
390,345,152,0,1,0,1,0,0,18
390,350,151,0,1,0,1,0,0,18
390,355,151,0,1,0,1,0,0,18
390,360,150,0,1,0,1,0,0,18
395,240,193,0,1,0,1,0,0,20
395,245,190,0,1,0,1,0,0,20
395,250,187,0,1,0,1,0,0,20
395,255,184,0,1,0,1,0,0,19
395,260,181,0,1,0,1,0,0,19
395,265,178,0,1,0,1,0,0,19
395,270,175,0,1,0,1,0,0,19
395,275,172,0,1,0,1,0,0,19
395,280,170,0,1,0,1,0,0,19
395,285,167,0,1,0,1,0,0,19
395,290,165,0,1,0,1,0,0,19
395,295,162,0,1,0,1,0,0,19
395,300,160,0,1,0,1,0,0,19
395,305,158,0,1,0,1,0,0,19
395,310,156,0,1,0,1,0,0,18
395,315,154,0,1,0,1,0,0,18
395,320,153,0,1,0,1,0,0,18
395,325,151,0,1,0,1,0,0,18
395,330,150,0,1,0,1,0,0,18
395,335,149,0,1,0,1,0,0,18
395,340,148,0,1,0,1,0,0,18
395,345,147,0,1,0,1,0,0,18
395,350,146,0,1,0,1,0,0,18
395,355,146,0,1,0,1,0,0,18
395,360,145,0,1,0,1,0,0,18
400,240,190,0,1,0,1,0,0,20
400,245,186,0,1,0,1,0,0,20
400,250,183,0,1,0,1,0,0,19
400,255,180,0,1,0,1,0,0,19
400,260,177,0,1,0,1,0,0,19
400,265,174,0,1,0,1,0,0,19
400,270,171,0,1,0,1,0,0,19
400,275,168,0,1,0,1,0,0,19
400,280,165,0,1,0,1,0,0,19
400,285,163,0,1,0,1,0,0,19
400,290,160,0,1,0,1,0,0,19
400,295,158,0,1,0,1,0,0,19
400,300,156,0,1,0,1,0,0,18
400,305,154,0,1,0,1,0,0,18
400,310,152,0,1,0,1,0,0,18
400,315,150,0,1,0,1,0,0,18
400,320,148,0,1,0,1,0,0,18
400,325,146,0,1,0,1,0,0,18
400,330,145,0,1,0,1,0,0,18
400,335,144,0,1,0,1,0,0,18
400,340,143,0,1,0,1,0,0,18
400,345,142,0,1,0,1,0,0,18
400,350,141,0,1,0,1,0,0,18
400,355,141,0,1,0,1,0,0,18
400,360,140,0,1,0,1,0,0,18
405,240,186,0,1,0,1,0,0,20
405,245,183,0,1,0,1,0,0,19
405,250,179,0,1,0,1,0,0,19
405,255,176,0,1,0,1,0,0,19
405,260,173,0,1,0,1,0,0,19
405,265,170,0,1,0,1,0,0,19
405,270,167,0,1,0,1,0,0,19
405,275,164,0,1,0,1,0,0,19
405,280,161,0,1,0,1,0,0,19
405,285,158,0,1,0,1,0,0,19
405,290,156,0,1,0,1,0,0,18
405,295,153,0,1,0,1,0,0,18
405,300,151,0,1,0,1,0,0,18
405,305,149,0,1,0,1,0,0,18
405,310,147,0,1,0,1,0,0,18
405,315,145,0,1,0,1,0,0,18
405,320,143,0,1,0,1,0,0,18
405,325,142,0,1,0,1,0,0,18
405,330,140,0,1,0,1,0,0,18
405,335,139,0,1,0,1,0,0,18
405,340,138,0,1,0,1,0,0,18
405,345,137,0,1,0,1,0,0,18
405,350,136,0,1,0,1,0,0,18
405,355,136,0,1,0,1,0,0,18
405,360,135,0,1,0,1,0,0,18
410,240,182,0,1,0,1,0,0,19
410,245,179,0,1,0,1,0,0,19
410,250,176,0,1,0,1,0,0,19
410,255,172,0,1,0,1,0,0,19
410,260,169,0,1,0,1,0,0,19
410,265,166,0,1,0,1,0,0,19
410,270,163,0,1,0,1,0,0,19
410,275,160,0,1,0,1,0,0,19
410,280,157,0,1,0,1,0,0,18
410,285,154,0,1,0,1,0,0,18
410,290,152,0,1,0,1,0,0,18
410,295,149,0,1,0,1,0,0,18
410,300,147,0,1,0,1,0,0,18
410,305,144,0,1,0,1,0,0,18
410,310,142,0,1,0,1,0,0,18
410,315,140,0,1,0,1,0,0,18
410,320,139,0,1,0,1,0,0,18
410,325,137,0,1,0,1,0,0,18
410,330,135,0,1,0,1,0,0,18
410,335,134,0,1,0,1,0,0,18
410,340,133,0,1,0,1,0,0,18
410,345,132,0,1,0,1,0,0,18
410,350,131,0,1,0,1,0,0,18
410,355,131,0,1,0,1,0,0,18
410,360,130,0,1,0,1,0,0,18
415,240,179,0,1,0,1,0,0,19
415,245,175,0,1,0,1,0,0,19
415,250,172,0,1,0,1,0,0,19
415,255,169,0,1,0,1,0,0,19
415,260,165,0,1,0,1,0,0,19
415,265,162,0,1,0,1,0,0,19
415,270,159,0,1,0,1,0,0,19
415,275,156,0,1,0,1,0,0,18
415,280,153,0,1,0,1,0,0,18
415,285,150,0,1,0,1,0,0,18
415,290,147,0,1,0,1,0,0,18
415,295,145,0,1,0,1,0,0,18
415,300,142,0,1,0,1,0,0,18
415,305,140,0,1,0,1,0,0,18
415,310,138,0,1,0,1,0,0,18
415,315,136,0,1,0,1,0,0,18
415,320,134,0,1,0,1,0,0,18
415,325,132,0,1,0,1,0,0,18
415,330,131,0,1,0,1,0,0,18
415,335,129,0,1,0,1,0,0,18
415,340,128,0,1,0,1,0,0,17
415,345,127,0,1,0,1,0,0,17
415,350,126,0,1,0,1,0,0,17
415,355,126,0,1,0,1,0,0,17
415,360,125,0,1,0,1,0,0,17
420,240,175,0,1,0,1,0,0,19
420,245,172,0,1,0,1,0,0,19
420,250,168,0,1,0,1,0,0,19
420,255,165,0,1,0,1,0,0,19
420,260,161,0,1,0,1,0,0,19
420,265,158,0,1,0,1,0,0,19
420,270,155,0,1,0,1,0,0,18
420,275,152,0,1,0,1,0,0,18
420,280,149,0,1,0,1,0,0,18
420,285,146,0,1,0,1,0,0,18
420,290,143,0,1,0,1,0,0,18
420,295,140,0,1,0,1,0,0,18
420,300,138,0,1,0,1,0,0,18
420,305,136,0,1,0,1,0,0,18
420,310,133,0,1,0,1,0,0,18
420,315,131,0,1,0,1,0,0,18
420,320,129,0,1,0,1,0,0,18
420,325,127,0,1,0,1,0,0,17
420,330,126,0,1,0,1,0,0,17
420,335,124,0,1,0,1,0,0,17
420,340,123,0,1,0,1,0,0,17
420,345,122,0,1,0,1,0,0,17
420,350,121,0,1,0,1,0,0,17
420,355,121,0,1,0,1,0,0,17
420,360,120,0,1,0,1,0,0,17
425,240,172,0,1,0,1,0,0,19
425,245,168,0,1,0,1,0,0,19
425,250,165,0,1,0,1,0,0,19
425,255,161,0,1,0,1,0,0,19
425,260,158,0,1,0,1,0,0,19
425,265,154,0,1,0,1,0,0,18
425,270,151,0,1,0,1,0,0,18
425,275,148,0,1,0,1,0,0,18
425,280,145,0,1,0,1,0,0,18
425,285,142,0,1,0,1,0,0,18
425,290,139,0,1,0,1,0,0,18
425,295,136,0,1,0,1,0,0,18
425,300,134,0,1,0,1,0,0,18
425,305,131,0,1,0,1,0,0,18
425,310,129,0,1,0,1,0,0,18
425,315,127,0,1,0,1,0,0,17
425,320,125,0,1,0,1,0,0,17
425,325,123,0,1,0,1,0,0,17
425,330,121,0,1,0,1,0,0,17
425,335,120,0,1,0,1,0,0,17
425,340,118,0,1,0,1,0,0,17
425,345,117,0,1,0,1,0,0,17
425,350,116,0,1,0,1,0,0,17
425,355,116,0,1,0,1,0,0,17
425,360,115,0,1,0,1,0,0,17
430,240,169,0,1,0,1,0,0,19
430,245,165,0,1,0,1,0,0,19
430,250,161,0,1,0,1,0,0,19
430,255,158,0,1,0,1,0,0,19
430,260,154,0,1,0,1,0,0,18
430,265,151,0,1,0,1,0,0,18
430,270,147,0,1,0,1,0,0,18
430,275,144,0,1,0,1,0,0,18
430,280,141,0,1,0,1,0,0,18
430,285,138,0,1,0,1,0,0,18
430,290,135,0,1,0,1,0,0,18
430,295,132,0,1,0,1,0,0,18
430,300,129,0,1,0,1,0,0,18
430,305,127,0,1,0,1,0,0,17
430,310,124,0,1,0,1,0,0,17
430,315,122,0,1,0,1,0,0,17
430,320,120,0,1,0,1,0,0,17
430,325,118,0,1,0,1,0,0,17
430,330,116,0,1,0,1,0,0,17
430,335,115,0,1,0,1,0,0,17
430,340,114,0,1,0,1,0,0,17
430,345,112,0,1,0,1,0,0,17
430,350,111,0,1,0,1,0,0,17
430,355,111,0,1,0,1,0,0,17
430,360,110,0,1,0,1,0,0,17
435,240,166,0,1,0,1,0,0,19
435,245,162,0,1,0,1,0,0,19
435,250,158,0,1,0,1,0,0,19
435,255,154,0,1,0,1,0,0,18
435,260,151,0,1,0,1,0,0,18
435,265,147,0,1,0,1,0,0,18
435,270,144,0,1,0,1,0,0,18
435,275,140,0,1,0,1,0,0,18
435,280,137,0,1,0,1,0,0,18
435,285,134,0,1,0,1,0,0,18
435,290,131,0,1,0,1,0,0,18
435,295,128,0,1,0,1,0,0,17
435,300,125,0,1,0,1,0,0,17
435,305,122,0,1,0,1,0,0,17
435,310,120,0,1,0,1,0,0,17
435,315,118,0,1,0,1,0,0,17
435,320,115,0,1,0,1,0,0,17
435,325,113,0,1,0,1,0,0,17
435,330,112,0,1,0,1,0,0,17
435,335,110,0,1,0,1,0,0,17
435,340,109,0,1,0,1,0,0,17
435,345,107,0,1,0,1,0,0,17
435,350,107,0,1,0,1,0,0,17
435,355,106,0,1,0,1,0,0,17
435,360,105,0,1,0,1,0,0,17
440,240,162,0,1,0,1,0,0,19
440,245,159,0,1,0,1,0,0,19
440,250,155,0,1,0,1,0,0,18
440,255,151,0,1,0,1,0,0,18
440,260,147,0,1,0,1,0,0,18
440,265,144,0,1,0,1,0,0,18
440,270,140,0,1,0,1,0,0,18
440,275,137,0,1,0,1,0,0,18
440,280,133,0,1,0,1,0,0,18
440,285,130,0,1,0,1,0,0,18
440,290,127,0,1,0,1,0,0,17
440,295,124,0,1,0,1,0,0,17
440,300,121,0,1,0,1,0,0,17
440,305,118,0,1,0,1,0,0,17
440,310,116,0,1,0,1,0,0,17
440,315,113,0,1,0,1,0,0,17
440,320,111,0,1,0,1,0,0,17
440,325,109,0,1,0,1,0,0,17
440,330,107,0,1,0,1,0,0,17
440,335,105,0,1,0,1,0,0,17
440,340,104,0,1,0,1,0,0,17
440,345,103,0,1,0,1,0,0,17
440,350,102,0,1,0,1,0,0,17
440,355,101,0,1,0,1,0,0,17
440,360,100,0,1,0,1,0,0,17
445,240,159,0,1,0,1,0,0,19
445,245,155,0,1,0,1,0,0,18
445,250,151,0,1,0,1,0,0,18
445,255,148,0,1,0,1,0,0,18
445,260,144,0,1,0,1,0,0,18
445,265,140,0,1,0,1,0,0,18
445,270,136,0,1,0,1,0,0,18
445,275,133,0,1,0,1,0,0,18
445,280,129,0,1,0,1,0,0,18
445,285,126,0,1,0,1,0,0,17
445,290,123,0,1,0,1,0,0,17
445,295,120,0,1,0,1,0,0,17
445,300,117,0,1,0,1,0,0,17
445,305,114,0,1,0,1,0,0,17
445,310,111,0,1,0,1,0,0,17
445,315,109,0,1,0,1,0,0,17
445,320,106,0,1,0,1,0,0,17
445,325,104,0,1,0,1,0,0,17
445,330,102,0,1,0,1,0,0,17
445,335,101,0,1,0,1,0,0,17
445,340,99,0,1,0,1,0,0,16
445,345,98,0,1,0,1,0,0,16
445,350,97,0,1,0,1,0,0,16
445,355,96,0,1,0,1,0,0,16
445,360,95,0,1,0,1,0,0,16
450,240,156,0,1,0,1,0,0,18
450,245,152,0,1,0,1,0,0,18
450,250,148,0,1,0,1,0,0,18
450,255,144,0,1,0,1,0,0,18
450,260,141,0,1,0,1,0,0,18
450,265,137,0,1,0,1,0,0,18
450,270,133,0,1,0,1,0,0,18
450,275,129,0,1,0,1,0,0,18
450,280,126,0,1,0,1,0,0,17
450,285,122,0,1,0,1,0,0,17
450,290,119,0,1,0,1,0,0,17
450,295,116,0,1,0,1,0,0,17
450,300,113,0,1,0,1,0,0,17
450,305,110,0,1,0,1,0,0,17
450,310,107,0,1,0,1,0,0,17
450,315,104,0,1,0,1,0,0,17
450,320,102,0,1,0,1,0,0,17
450,325,100,0,1,0,1,0,0,16
450,330,98,0,1,0,1,0,0,16
450,335,96,0,1,0,1,0,0,16
450,340,94,0,1,0,1,0,0,16
450,345,93,0,1,0,1,0,0,16
450,350,92,0,1,0,1,0,0,16
450,355,91,0,1,0,1,0,0,16
450,360,90,0,1,0,1,0,0,16
455,240,154,0,1,0,1,0,0,18
455,245,150,0,1,0,1,0,0,18
455,250,145,0,1,0,1,0,0,18
455,255,141,0,1,0,1,0,0,18
455,260,137,0,1,0,1,0,0,18
455,265,134,0,1,0,1,0,0,18
455,270,130,0,1,0,1,0,0,18
455,275,126,0,1,0,1,0,0,17
455,280,122,0,1,0,1,0,0,17
455,285,119,0,1,0,1,0,0,17
455,290,115,0,1,0,1,0,0,17
455,295,112,0,1,0,1,0,0,17
455,300,109,0,1,0,1,0,0,17
455,305,106,0,1,0,1,0,0,17
455,310,103,0,1,0,1,0,0,17
455,315,100,0,1,0,1,0,0,17
455,320,98,0,1,0,1,0,0,16
455,325,95,0,1,0,1,0,0,16
455,330,93,0,1,0,1,0,0,16
455,335,91,0,1,0,1,0,0,16
455,340,89,0,1,0,1,0,0,16
455,345,88,0,1,0,1,0,0,16
455,350,87,0,1,0,1,0,0,16
455,355,86,0,1,0,1,0,0,16
455,360,85,0,1,0,1,0,0,16
460,240,151,0,1,0,1,0,0,18
460,245,147,0,1,0,1,0,0,18
460,250,143,0,1,0,1,0,0,18
460,255,138,0,1,0,1,0,0,18
460,260,134,0,1,0,1,0,0,18
460,265,130,0,1,0,1,0,0,18
460,270,127,0,1,0,1,0,0,17
460,275,123,0,1,0,1,0,0,17
460,280,119,0,1,0,1,0,0,17
460,285,115,0,1,0,1,0,0,17
460,290,112,0,1,0,1,0,0,17
460,295,108,0,1,0,1,0,0,17
460,300,105,0,1,0,1,0,0,17
460,305,102,0,1,0,1,0,0,17
460,310,99,0,1,0,1,0,0,16
460,315,96,0,1,0,1,0,0,16
460,320,93,0,1,0,1,0,0,16
460,325,91,0,1,0,1,0,0,16
460,330,89,0,1,0,1,0,0,16
460,335,87,0,1,0,1,0,0,16
460,340,85,0,1,0,1,0,0,16
460,345,83,0,1,0,1,0,0,16
460,350,82,0,1,0,1,0,0,16
460,355,81,0,1,0,1,0,0,16
460,360,80,0,1,0,1,0,0,16
465,240,148,0,1,0,1,0,0,18
465,245,144,0,1,0,1,0,0,18
465,250,140,0,1,0,1,0,0,18
465,255,136,0,1,0,1,0,0,18
465,260,131,0,1,0,1,0,0,18
465,265,127,0,1,0,1,0,0,17
465,270,123,0,1,0,1,0,0,17
465,275,119,0,1,0,1,0,0,17
465,280,116,0,1,0,1,0,0,17
465,285,112,0,1,0,1,0,0,17
465,290,108,0,1,0,1,0,0,17
465,295,105,0,1,0,1,0,0,17
465,300,101,0,1,0,1,0,0,17
465,305,98,0,1,0,1,0,0,16
465,310,95,0,1,0,1,0,0,16
465,315,92,0,1,0,1,0,0,16
465,320,89,0,1,0,1,0,0,16
465,325,86,0,1,0,1,0,0,16
465,330,84,0,1,0,1,0,0,16
465,335,82,0,1,0,1,0,0,16
465,340,80,0,1,0,1,0,0,16
465,345,78,0,1,0,1,0,0,16
465,350,77,0,1,0,1,0,0,16
465,355,76,0,1,0,1,0,0,16
465,360,75,0,1,0,1,0,0,16
470,240,146,0,1,0,1,0,0,18
470,245,142,0,1,0,1,0,0,18
470,250,137,0,1,0,1,0,0,18
470,255,133,0,1,0,1,0,0,18
470,260,129,0,1,0,1,0,0,18
470,265,125,0,1,0,1,0,0,17
470,270,120,0,1,0,1,0,0,17
470,275,116,0,1,0,1,0,0,17
470,280,112,0,1,0,1,0,0,17
470,285,109,0,1,0,1,0,0,17
470,290,105,0,1,0,1,0,0,17
470,295,101,0,1,0,1,0,0,17
470,300,98,0,1,0,1,0,0,16
470,305,94,0,1,0,1,0,0,16
470,310,91,0,1,0,1,0,0,16
470,315,88,0,1,0,1,0,0,16
470,320,85,0,1,0,1,0,0,16
470,325,82,0,1,0,1,0,0,16
470,330,80,0,1,0,1,0,0,16
470,335,77,0,1,0,1,0,0,16
470,340,75,0,1,0,1,0,0,16
470,345,74,0,1,0,1,0,0,16
470,350,72,0,1,0,1,0,0,16
470,355,71,0,1,0,1,0,0,15
470,360,70,0,1,0,1,0,0,15
475,240,144,0,1,0,1,0,0,18
475,245,139,0,1,0,1,0,0,18
475,250,135,0,1,0,1,0,0,18
475,255,130,0,1,0,1,0,0,18
475,260,126,0,1,0,1,0,0,17
475,265,122,0,1,0,1,0,0,17
475,270,118,0,1,0,1,0,0,17
475,275,113,0,1,0,1,0,0,17
475,280,109,0,1,0,1,0,0,17
475,285,105,0,1,0,1,0,0,17
475,290,102,0,1,0,1,0,0,17
475,295,98,0,1,0,1,0,0,16
475,300,94,0,1,0,1,0,0,16
475,305,91,0,1,0,1,0,0,16
475,310,87,0,1,0,1,0,0,16
475,315,84,0,1,0,1,0,0,16
475,320,81,0,1,0,1,0,0,16
475,325,78,0,1,0,1,0,0,16
475,330,75,0,1,0,1,0,0,16
475,335,73,0,1,0,1,0,0,16
475,340,71,0,1,0,1,0,0,15
475,345,69,0,1,0,1,0,0,15
475,350,67,0,1,0,1,0,0,15
475,355,66,0,1,0,1,0,0,15
475,360,65,0,1,0,1,0,0,15
480,240,141,0,1,0,1,0,0,18
480,245,137,0,1,0,1,0,0,18
480,250,132,0,1,0,1,0,0,18
480,255,128,0,1,0,1,0,0,17
480,260,124,0,1,0,1,0,0,17
480,265,119,0,1,0,1,0,0,17
480,270,115,0,1,0,1,0,0,17
480,275,111,0,1,0,1,0,0,17
480,280,107,0,1,0,1,0,0,17
480,285,102,0,1,0,1,0,0,17
480,290,98,0,1,0,1,0,0,16
480,295,94,0,1,0,1,0,0,16
480,300,91,0,1,0,1,0,0,16
480,305,87,0,1,0,1,0,0,16
480,310,83,0,1,0,1,0,0,16
480,315,80,0,1,0,1,0,0,16
480,320,77,0,1,0,1,0,0,16
480,325,74,0,1,0,1,0,0,16
480,330,71,0,1,0,1,0,0,15
480,335,68,0,1,0,1,0,0,15
480,340,66,0,1,0,1,0,0,15
480,345,64,0,1,0,1,0,0,15
480,350,63,0,1,0,1,0,0,15
480,355,61,0,1,0,1,0,0,15
480,360,61,0,1,0,1,0,0,15
600,300,91,0,0,0,1,1,0,17
600,305,87,0,0,0,1,1,0,17
600,310,83,0,0,0,1,1,0,17
600,315,80,0,0,0,1,1,0,17
600,320,77,0,0,0,1,1,0,17
600,325,74,0,0,0,1,1,0,17
600,330,71,0,0,0,1,1,0,16
600,335,68,0,0,0,1,1,0,16
600,340,66,0,0,0,1,1,0,16
600,345,64,0,0,0,1,1,0,16
600,350,63,0,0,0,1,1,0,16
600,355,61,0,0,0,1,1,0,16
600,360,61,0,0,0,1,1,0,16
600,365,60,0,0,0,1,1,0,16
600,370,60,0,0,0,1,1,0,16
600,375,60,0,0,0,1,1,0,16
600,380,61,0,0,0,1,1,0,16
600,385,62,0,0,0,1,1,0,16
600,390,64,0,0,0,1,1,0,16
600,395,66,0,0,0,1,1,0,16
600,400,68,0,0,0,1,1,0,16
600,405,70,0,0,0,1,1,0,16
600,410,73,0,0,0,1,1,0,17
600,415,76,0,0,0,1,1,0,17
600,420,79,0,0,0,1,1,0,17
600,425,83,0,0,0,1,1,0,17
600,430,86,0,0,0,1,1,0,17
600,435,90,0,0,0,1,1,0,17
600,440,94,0,0,0,1,1,0,17
600,445,98,0,0,0,1,1,0,17
600,450,102,0,0,0,1,1,0,18
600,455,106,0,0,0,1,1,0,18
600,460,110,0,0,0,1,1,0,18
600,465,114,0,0,0,1,1,0,18
600,470,118,0,0,0,1,1,0,18
600,475,123,0,0,0,1,1,0,18
600,480,127,0,0,0,1,1,0,18
605,300,94,0,0,0,1,1,0,17
605,305,91,0,0,0,1,1,0,17
605,310,87,0,0,0,1,1,0,17
605,315,84,0,0,0,1,1,0,17
605,320,81,0,0,0,1,1,0,17
605,325,78,0,0,0,1,1,0,17
605,330,75,0,0,0,1,1,0,17
605,335,73,0,0,0,1,1,0,17
605,340,71,0,0,0,1,1,0,16
605,345,69,0,0,0,1,1,0,16
605,350,67,0,0,0,1,1,0,16
605,355,66,0,0,0,1,1,0,16
605,360,65,0,0,0,1,1,0,16
605,365,65,0,0,0,1,1,0,16
605,370,65,0,0,0,1,1,0,16
605,375,65,0,0,0,1,1,0,16
605,380,66,0,0,0,1,1,0,16
605,385,67,0,0,0,1,1,0,16
605,390,69,0,0,0,1,1,0,16
605,395,70,0,0,0,1,1,0,16
605,400,72,0,0,0,1,1,0,17
605,405,75,0,0,0,1,1,0,17
605,410,77,0,0,0,1,1,0,17
605,415,80,0,0,0,1,1,0,17
605,420,83,0,0,0,1,1,0,17
605,425,86,0,0,0,1,1,0,17
605,430,90,0,0,0,1,1,0,17
605,435,93,0,0,0,1,1,0,17
605,440,97,0,0,0,1,1,0,17
605,445,101,0,0,0,1,1,0,18
605,450,105,0,0,0,1,1,0,18
605,455,109,0,0,0,1,1,0,18
605,460,113,0,0,0,1,1,0,18
605,465,117,0,0,0,1,1,0,18
605,470,121,0,0,0,1,1,0,18
605,475,125,0,0,0,1,1,0,18
605,480,129,0,0,0,1,1,0,19
610,300,98,0,0,0,1,1,0,17
610,305,94,0,0,0,1,1,0,17
610,310,91,0,0,0,1,1,0,17
610,315,88,0,0,0,1,1,0,17
610,320,85,0,0,0,1,1,0,17
610,325,82,0,0,0,1,1,0,17
610,330,80,0,0,0,1,1,0,17
610,335,77,0,0,0,1,1,0,17
610,340,75,0,0,0,1,1,0,17
610,345,74,0,0,0,1,1,0,17
610,350,72,0,0,0,1,1,0,17
610,355,71,0,0,0,1,1,0,16
610,360,70,0,0,0,1,1,0,16
610,365,70,0,0,0,1,1,0,16
610,370,70,0,0,0,1,1,0,16
610,375,70,0,0,0,1,1,0,16
610,380,71,0,0,0,1,1,0,16
610,385,72,0,0,0,1,1,0,17
610,390,73,0,0,0,1,1,0,17
610,395,75,0,0,0,1,1,0,17
610,400,77,0,0,0,1,1,0,17
610,405,79,0,0,0,1,1,0,17
610,410,82,0,0,0,1,1,0,17
610,415,84,0,0,0,1,1,0,17
610,420,87,0,0,0,1,1,0,17
610,425,90,0,0,0,1,1,0,17
610,430,94,0,0,0,1,1,0,17
610,435,97,0,0,0,1,1,0,17
610,440,100,0,0,0,1,1,0,18
610,445,104,0,0,0,1,1,0,18
610,450,108,0,0,0,1,1,0,18
610,455,112,0,0,0,1,1,0,18
610,460,116,0,0,0,1,1,0,18
610,465,120,0,0,0,1,1,0,18
610,470,124,0,0,0,1,1,0,18
610,475,128,0,0,0,1,1,0,18
610,480,132,0,0,0,1,1,0,19
615,300,101,0,0,0,1,1,0,18
615,305,98,0,0,0,1,1,0,17
615,310,95,0,0,0,1,1,0,17
615,315,92,0,0,0,1,1,0,17
615,320,89,0,0,0,1,1,0,17
615,325,86,0,0,0,1,1,0,17
615,330,84,0,0,0,1,1,0,17
615,335,82,0,0,0,1,1,0,17
615,340,80,0,0,0,1,1,0,17
615,345,78,0,0,0,1,1,0,17
615,350,77,0,0,0,1,1,0,17
615,355,76,0,0,0,1,1,0,17
615,360,75,0,0,0,1,1,0,17
615,365,75,0,0,0,1,1,0,17
615,370,75,0,0,0,1,1,0,17
615,375,75,0,0,0,1,1,0,17
615,380,76,0,0,0,1,1,0,17
615,385,77,0,0,0,1,1,0,17
615,390,78,0,0,0,1,1,0,17
615,395,80,0,0,0,1,1,0,17
615,400,82,0,0,0,1,1,0,17
615,405,84,0,0,0,1,1,0,17
615,410,86,0,0,0,1,1,0,17
615,415,89,0,0,0,1,1,0,17
615,420,91,0,0,0,1,1,0,17
615,425,94,0,0,0,1,1,0,17
615,430,97,0,0,0,1,1,0,17
615,435,101,0,0,0,1,1,0,18
615,440,104,0,0,0,1,1,0,18
615,445,107,0,0,0,1,1,0,18
615,450,111,0,0,0,1,1,0,18
615,455,115,0,0,0,1,1,0,18
615,460,119,0,0,0,1,1,0,18
615,465,123,0,0,0,1,1,0,18
615,470,127,0,0,0,1,1,0,18
615,475,131,0,0,0,1,1,0,19
615,480,135,0,0,0,1,1,0,19
620,300,105,0,0,0,1,1,0,18
620,305,102,0,0,0,1,1,0,18
620,310,99,0,0,0,1,1,0,17
620,315,96,0,0,0,1,1,0,17
620,320,93,0,0,0,1,1,0,17
620,325,91,0,0,0,1,1,0,17
620,330,89,0,0,0,1,1,0,17
620,335,87,0,0,0,1,1,0,17
620,340,85,0,0,0,1,1,0,17
620,345,83,0,0,0,1,1,0,17
620,350,82,0,0,0,1,1,0,17
620,355,81,0,0,0,1,1,0,17
620,360,80,0,0,0,1,1,0,17
620,365,80,0,0,0,1,1,0,17
620,370,80,0,0,0,1,1,0,17
620,375,80,0,0,0,1,1,0,17
620,380,81,0,0,0,1,1,0,17
620,385,82,0,0,0,1,1,0,17
620,390,83,0,0,0,1,1,0,17
620,395,84,0,0,0,1,1,0,17
620,400,86,0,0,0,1,1,0,17
620,405,88,0,0,0,1,1,0,17
620,410,90,0,0,0,1,1,0,17
620,415,93,0,0,0,1,1,0,17
620,420,95,0,0,0,1,1,0,17
620,425,98,0,0,0,1,1,0,17
620,430,101,0,0,0,1,1,0,18
620,435,104,0,0,0,1,1,0,18
620,440,108,0,0,0,1,1,0,18
620,445,111,0,0,0,1,1,0,18
620,450,115,0,0,0,1,1,0,18
620,455,118,0,0,0,1,1,0,18
620,460,122,0,0,0,1,1,0,18
620,465,126,0,0,0,1,1,0,18
620,470,130,0,0,0,1,1,0,19
620,475,134,0,0,0,1,1,0,19
620,480,138,0,0,0,1,1,0,19
625,300,109,0,0,0,1,1,0,18
625,305,106,0,0,0,1,1,0,18
625,310,103,0,0,0,1,1,0,18
625,315,100,0,0,0,1,1,0,18
625,320,98,0,0,0,1,1,0,17
625,325,95,0,0,0,1,1,0,17
625,330,93,0,0,0,1,1,0,17
625,335,91,0,0,0,1,1,0,17
625,340,89,0,0,0,1,1,0,17
625,345,88,0,0,0,1,1,0,17
625,350,87,0,0,0,1,1,0,17
625,355,86,0,0,0,1,1,0,17
625,360,85,0,0,0,1,1,0,17
625,365,85,0,0,0,1,1,0,17
625,370,85,0,0,0,1,1,0,17
625,375,85,0,0,0,1,1,0,17
625,380,86,0,0,0,1,1,0,17
625,385,87,0,0,0,1,1,0,17
625,390,88,0,0,0,1,1,0,17
625,395,89,0,0,0,1,1,0,17
625,400,91,0,0,0,1,1,0,17
625,405,93,0,0,0,1,1,0,17
625,410,95,0,0,0,1,1,0,17
625,415,97,0,0,0,1,1,0,17
625,420,100,0,0,0,1,1,0,17
625,425,102,0,0,0,1,1,0,18
625,430,105,0,0,0,1,1,0,18
625,435,108,0,0,0,1,1,0,18
625,440,111,0,0,0,1,1,0,18
625,445,115,0,0,0,1,1,0,18
625,450,118,0,0,0,1,1,0,18
625,455,122,0,0,0,1,1,0,18
625,460,125,0,0,0,1,1,0,18
625,465,129,0,0,0,1,1,0,19
625,470,133,0,0,0,1,1,0,19
625,475,137,0,0,0,1,1,0,19
625,480,141,0,0,0,1,1,0,19
630,300,113,0,0,0,1,1,0,18
630,305,110,0,0,0,1,1,0,18
630,310,107,0,0,0,1,1,0,18
630,315,104,0,0,0,1,1,0,18
630,320,102,0,0,0,1,1,0,18
630,325,100,0,0,0,1,1,0,17
630,330,98,0,0,0,1,1,0,17
630,335,96,0,0,0,1,1,0,17
630,340,94,0,0,0,1,1,0,17
630,345,93,0,0,0,1,1,0,17
630,350,92,0,0,0,1,1,0,17
630,355,91,0,0,0,1,1,0,17
630,360,90,0,0,0,1,1,0,17
630,365,90,0,0,0,1,1,0,17
630,370,90,0,0,0,1,1,0,17
630,375,90,0,0,0,1,1,0,17
630,380,91,0,0,0,1,1,0,17
630,385,92,0,0,0,1,1,0,17
630,390,93,0,0,0,1,1,0,17
630,395,94,0,0,0,1,1,0,17
630,400,96,0,0,0,1,1,0,17
630,405,97,0,0,0,1,1,0,17
630,410,99,0,0,0,1,1,0,17
630,415,102,0,0,0,1,1,0,18
630,420,104,0,0,0,1,1,0,18
630,425,107,0,0,0,1,1,0,18
630,430,109,0,0,0,1,1,0,18
630,435,112,0,0,0,1,1,0,18
630,440,115,0,0,0,1,1,0,18
630,445,118,0,0,0,1,1,0,18
630,450,122,0,0,0,1,1,0,18
630,455,125,0,0,0,1,1,0,18
630,460,129,0,0,0,1,1,0,19
630,465,132,0,0,0,1,1,0,19
630,470,136,0,0,0,1,1,0,19
630,475,140,0,0,0,1,1,0,19
630,480,144,0,0,0,1,1,0,19
635,300,117,0,0,0,1,1,0,18
635,305,114,0,0,0,1,1,0,18
635,310,111,0,0,0,1,1,0,18
635,315,109,0,0,0,1,1,0,18
635,320,106,0,0,0,1,1,0,18
635,325,104,0,0,0,1,1,0,18
635,330,102,0,0,0,1,1,0,18
635,335,101,0,0,0,1,1,0,18
635,340,99,0,0,0,1,1,0,17
635,345,98,0,0,0,1,1,0,17
635,350,97,0,0,0,1,1,0,17
635,355,96,0,0,0,1,1,0,17
635,360,95,0,0,0,1,1,0,17
635,365,95,0,0,0,1,1,0,17
635,370,95,0,0,0,1,1,0,17
635,375,95,0,0,0,1,1,0,17
635,380,96,0,0,0,1,1,0,17
635,385,97,0,0,0,1,1,0,17
635,390,98,0,0,0,1,1,0,17
635,395,99,0,0,0,1,1,0,17
635,400,100,0,0,0,1,1,0,18
635,405,102,0,0,0,1,1,0,18
635,410,104,0,0,0,1,1,0,18
635,415,106,0,0,0,1,1,0,18
635,420,108,0,0,0,1,1,0,18
635,425,111,0,0,0,1,1,0,18
635,430,113,0,0,0,1,1,0,18
635,435,116,0,0,0,1,1,0,18
635,440,119,0,0,0,1,1,0,18
635,445,122,0,0,0,1,1,0,18
635,450,125,0,0,0,1,1,0,18
635,455,129,0,0,0,1,1,0,19
635,460,132,0,0,0,1,1,0,19
635,465,136,0,0,0,1,1,0,19
635,470,139,0,0,0,1,1,0,19
635,475,143,0,0,0,1,1,0,19
635,480,147,0,0,0,1,1,0,19
640,300,121,0,0,0,1,1,0,18
640,305,118,0,0,0,1,1,0,18
640,310,116,0,0,0,1,1,0,18
640,315,113,0,0,0,1,1,0,18
640,320,111,0,0,0,1,1,0,18
640,325,109,0,0,0,1,1,0,18
640,330,107,0,0,0,1,1,0,18
640,335,105,0,0,0,1,1,0,18
640,340,104,0,0,0,1,1,0,18
640,345,103,0,0,0,1,1,0,18
640,350,102,0,0,0,1,1,0,18
640,355,101,0,0,0,1,1,0,18
640,360,100,0,0,0,1,1,0,18
640,365,100,0,0,0,1,1,0,18
640,370,100,0,0,0,1,1,0,18
640,375,100,0,0,0,1,1,0,18
640,380,101,0,0,0,1,1,0,18
640,385,101,0,0,0,1,1,0,18
640,390,102,0,0,0,1,1,0,18
640,395,104,0,0,0,1,1,0,18
640,400,105,0,0,0,1,1,0,18
640,405,107,0,0,0,1,1,0,18
640,410,108,0,0,0,1,1,0,18
640,415,110,0,0,0,1,1,0,18
640,420,113,0,0,0,1,1,0,18
640,425,115,0,0,0,1,1,0,18
640,430,118,0,0,0,1,1,0,18
640,435,120,0,0,0,1,1,0,18
640,440,123,0,0,0,1,1,0,18
640,445,126,0,0,0,1,1,0,18
640,450,129,0,0,0,1,1,0,19
640,455,133,0,0,0,1,1,0,19
640,460,136,0,0,0,1,1,0,19
640,465,139,0,0,0,1,1,0,19
640,470,143,0,0,0,1,1,0,19
640,475,146,0,0,0,1,1,0,19
640,480,150,0,0,0,1,1,0,19
645,300,125,0,0,0,1,1,0,18
645,305,122,0,0,0,1,1,0,18
645,310,120,0,0,0,1,1,0,18
645,315,118,0,0,0,1,1,0,18
645,320,115,0,0,0,1,1,0,18
645,325,113,0,0,0,1,1,0,18
645,330,112,0,0,0,1,1,0,18
645,335,110,0,0,0,1,1,0,18
645,340,109,0,0,0,1,1,0,18
645,345,107,0,0,0,1,1,0,18
645,350,107,0,0,0,1,1,0,18
645,355,106,0,0,0,1,1,0,18
645,360,105,0,0,0,1,1,0,18
645,365,105,0,0,0,1,1,0,18
645,370,105,0,0,0,1,1,0,18
645,375,105,0,0,0,1,1,0,18
645,380,106,0,0,0,1,1,0,18
645,385,106,0,0,0,1,1,0,18
645,390,107,0,0,0,1,1,0,18
645,395,108,0,0,0,1,1,0,18
645,400,110,0,0,0,1,1,0,18
645,405,111,0,0,0,1,1,0,18
645,410,113,0,0,0,1,1,0,18
645,415,115,0,0,0,1,1,0,18
645,420,117,0,0,0,1,1,0,18
645,425,119,0,0,0,1,1,0,18
645,430,122,0,0,0,1,1,0,18
645,435,125,0,0,0,1,1,0,18
645,440,127,0,0,0,1,1,0,18
645,445,130,0,0,0,1,1,0,19
645,450,133,0,0,0,1,1,0,19
645,455,136,0,0,0,1,1,0,19
645,460,140,0,0,0,1,1,0,19
645,465,143,0,0,0,1,1,0,19
645,470,146,0,0,0,1,1,0,19
645,475,150,0,0,0,1,1,0,19
645,480,154,0,0,0,1,1,0,19
650,300,129,0,0,0,1,1,0,19
650,305,127,0,0,0,1,1,0,18
650,310,124,0,0,0,1,1,0,18
650,315,122,0,0,0,1,1,0,18
650,320,120,0,0,0,1,1,0,18
650,325,118,0,0,0,1,1,0,18
650,330,116,0,0,0,1,1,0,18
650,335,115,0,0,0,1,1,0,18
650,340,114,0,0,0,1,1,0,18
650,345,112,0,0,0,1,1,0,18
650,350,111,0,0,0,1,1,0,18
650,355,111,0,0,0,1,1,0,18
650,360,110,0,0,0,1,1,0,18
650,365,110,0,0,0,1,1,0,18
650,370,110,0,0,0,1,1,0,18
650,375,110,0,0,0,1,1,0,18
650,380,111,0,0,0,1,1,0,18
650,385,111,0,0,0,1,1,0,18
650,390,112,0,0,0,1,1,0,18
650,395,113,0,0,0,1,1,0,18
650,400,115,0,0,0,1,1,0,18
650,405,116,0,0,0,1,1,0,18
650,410,118,0,0,0,1,1,0,18
650,415,120,0,0,0,1,1,0,18
650,420,122,0,0,0,1,1,0,18
650,425,124,0,0,0,1,1,0,18
650,430,126,0,0,0,1,1,0,18
650,435,129,0,0,0,1,1,0,19
650,440,131,0,0,0,1,1,0,19
650,445,134,0,0,0,1,1,0,19
650,450,137,0,0,0,1,1,0,19
650,455,140,0,0,0,1,1,0,19
650,460,143,0,0,0,1,1,0,19
650,465,147,0,0,0,1,1,0,19
650,470,150,0,0,0,1,1,0,19
650,475,153,0,0,0,1,1,0,19
650,480,157,0,0,0,1,1,0,19
655,300,134,0,0,0,1,1,0,19
655,305,131,0,0,0,1,1,0,19
655,310,129,0,0,0,1,1,0,19
655,315,127,0,0,0,1,1,0,18
655,320,125,0,0,0,1,1,0,18
655,325,123,0,0,0,1,1,0,18
655,330,121,0,0,0,1,1,0,18
655,335,120,0,0,0,1,1,0,18
655,340,118,0,0,0,1,1,0,18
655,345,117,0,0,0,1,1,0,18
655,350,116,0,0,0,1,1,0,18
655,355,116,0,0,0,1,1,0,18
655,360,115,0,0,0,1,1,0,18
655,365,115,0,0,0,1,1,0,18
655,370,115,0,0,0,1,1,0,18
655,375,115,0,0,0,1,1,0,18
655,380,116,0,0,0,1,1,0,18
655,385,116,0,0,0,1,1,0,18
655,390,117,0,0,0,1,1,0,18
655,395,118,0,0,0,1,1,0,18
655,400,119,0,0,0,1,1,0,18
655,405,121,0,0,0,1,1,0,18
655,410,122,0,0,0,1,1,0,18
655,415,124,0,0,0,1,1,0,18
655,420,126,0,0,0,1,1,0,18
655,425,128,0,0,0,1,1,0,18
655,430,131,0,0,0,1,1,0,19
655,435,133,0,0,0,1,1,0,19
655,440,136,0,0,0,1,1,0,19
655,445,138,0,0,0,1,1,0,19
655,450,141,0,0,0,1,1,0,19
655,455,144,0,0,0,1,1,0,19
655,460,147,0,0,0,1,1,0,19
655,465,150,0,0,0,1,1,0,19
655,470,154,0,0,0,1,1,0,19
655,475,157,0,0,0,1,1,0,19
655,480,161,0,0,0,1,1,0,20
660,300,138,0,0,0,1,1,0,19
660,305,136,0,0,0,1,1,0,19
660,310,133,0,0,0,1,1,0,19
660,315,131,0,0,0,1,1,0,19
660,320,129,0,0,0,1,1,0,19
660,325,127,0,0,0,1,1,0,18
660,330,126,0,0,0,1,1,0,18
660,335,124,0,0,0,1,1,0,18
660,340,123,0,0,0,1,1,0,18
660,345,122,0,0,0,1,1,0,18
660,350,121,0,0,0,1,1,0,18
660,355,121,0,0,0,1,1,0,18
660,360,120,0,0,0,1,1,0,18
660,365,120,0,0,0,1,1,0,18
660,370,120,0,0,0,1,1,0,18
660,375,120,0,0,0,1,1,0,18
660,380,121,0,0,0,1,1,0,18
660,385,121,0,0,0,1,1,0,18
660,390,122,0,0,0,1,1,0,18
660,395,123,0,0,0,1,1,0,18
660,400,124,0,0,0,1,1,0,18
660,405,126,0,0,0,1,1,0,18
660,410,127,0,0,0,1,1,0,18
660,415,129,0,0,0,1,1,0,19
660,420,131,0,0,0,1,1,0,19
660,425,133,0,0,0,1,1,0,19
660,430,135,0,0,0,1,1,0,19
660,435,137,0,0,0,1,1,0,19
660,440,140,0,0,0,1,1,0,19
660,445,143,0,0,0,1,1,0,19
660,450,145,0,0,0,1,1,0,19
660,455,148,0,0,0,1,1,0,19
660,460,151,0,0,0,1,1,0,19
660,465,154,0,0,0,1,1,0,19
660,470,157,0,0,0,1,1,0,20
660,475,161,0,0,0,1,1,0,20
660,480,164,0,0,0,1,1,0,20
665,300,142,0,0,0,1,1,0,19
665,305,140,0,0,0,1,1,0,19
665,310,138,0,0,0,1,1,0,19
665,315,136,0,0,0,1,1,0,19
665,320,134,0,0,0,1,1,0,19
665,325,132,0,0,0,1,1,0,19
665,330,131,0,0,0,1,1,0,19
665,335,129,0,0,0,1,1,0,19
665,340,128,0,0,0,1,1,0,18
665,345,127,0,0,0,1,1,0,18
665,350,126,0,0,0,1,1,0,18
665,355,126,0,0,0,1,1,0,18
665,360,125,0,0,0,1,1,0,18
665,365,125,0,0,0,1,1,0,18
665,370,125,0,0,0,1,1,0,18
665,375,125,0,0,0,1,1,0,18
665,380,126,0,0,0,1,1,0,18
665,385,126,0,0,0,1,1,0,18
665,390,127,0,0,0,1,1,0,18
665,395,128,0,0,0,1,1,0,18
665,400,129,0,0,0,1,1,0,19
665,405,130,0,0,0,1,1,0,19
665,410,132,0,0,0,1,1,0,19
665,415,134,0,0,0,1,1,0,19
665,420,135,0,0,0,1,1,0,19
665,425,137,0,0,0,1,1,0,19
665,430,140,0,0,0,1,1,0,19
665,435,142,0,0,0,1,1,0,19
665,440,144,0,0,0,1,1,0,19
665,445,147,0,0,0,1,1,0,19
665,450,149,0,0,0,1,1,0,19
665,455,152,0,0,0,1,1,0,19
665,460,155,0,0,0,1,1,0,19
665,465,158,0,0,0,1,1,0,20
665,470,161,0,0,0,1,1,0,20
665,475,165,0,0,0,1,1,0,20
665,480,168,0,0,0,1,1,0,20
670,300,147,0,0,0,1,1,0,19
670,305,144,0,0,0,1,1,0,19
670,310,142,0,0,0,1,1,0,19
670,315,140,0,0,0,1,1,0,19
670,320,139,0,0,0,1,1,0,19
670,325,137,0,0,0,1,1,0,19
670,330,135,0,0,0,1,1,0,19
670,335,134,0,0,0,1,1,0,19
670,340,133,0,0,0,1,1,0,19
670,345,132,0,0,0,1,1,0,19
670,350,131,0,0,0,1,1,0,19
670,355,131,0,0,0,1,1,0,19
670,360,130,0,0,0,1,1,0,19
670,365,130,0,0,0,1,1,0,19
670,370,130,0,0,0,1,1,0,19
670,375,130,0,0,0,1,1,0,19
670,380,131,0,0,0,1,1,0,19
670,385,131,0,0,0,1,1,0,19
670,390,132,0,0,0,1,1,0,19
670,395,133,0,0,0,1,1,0,19
670,400,134,0,0,0,1,1,0,19
670,405,135,0,0,0,1,1,0,19
670,410,137,0,0,0,1,1,0,19
670,415,138,0,0,0,1,1,0,19
670,420,140,0,0,0,1,1,0,19
670,425,142,0,0,0,1,1,0,19
670,430,144,0,0,0,1,1,0,19
670,435,146,0,0,0,1,1,0,19
670,440,149,0,0,0,1,1,0,19
670,445,151,0,0,0,1,1,0,19
670,450,154,0,0,0,1,1,0,19
670,455,156,0,0,0,1,1,0,19
670,460,159,0,0,0,1,1,0,20
670,465,162,0,0,0,1,1,0,20
670,470,165,0,0,0,1,1,0,20
670,475,168,0,0,0,1,1,0,20
670,480,172,0,0,0,1,1,0,20
675,300,151,0,0,0,1,1,0,19
675,305,149,0,0,0,1,1,0,19
675,310,147,0,0,0,1,1,0,19
675,315,145,0,0,0,1,1,0,19
675,320,143,0,0,0,1,1,0,19
675,325,142,0,0,0,1,1,0,19
675,330,140,0,0,0,1,1,0,19
675,335,139,0,0,0,1,1,0,19
675,340,138,0,0,0,1,1,0,19
675,345,137,0,0,0,1,1,0,19
675,350,136,0,0,0,1,1,0,19
675,355,136,0,0,0,1,1,0,19
675,360,135,0,0,0,1,1,0,19
675,365,135,0,0,0,1,1,0,19
675,370,135,0,0,0,1,1,0,19
675,375,135,0,0,0,1,1,0,19
675,380,136,0,0,0,1,1,0,19
675,385,136,0,0,0,1,1,0,19
675,390,137,0,0,0,1,1,0,19
675,395,138,0,0,0,1,1,0,19
675,400,139,0,0,0,1,1,0,19
675,405,140,0,0,0,1,1,0,19
675,410,141,0,0,0,1,1,0,19
675,415,143,0,0,0,1,1,0,19
675,420,145,0,0,0,1,1,0,19
675,425,147,0,0,0,1,1,0,19
675,430,149,0,0,0,1,1,0,19
675,435,151,0,0,0,1,1,0,19
675,440,153,0,0,0,1,1,0,19
675,445,155,0,0,0,1,1,0,19
675,450,158,0,0,0,1,1,0,20
675,455,161,0,0,0,1,1,0,20
675,460,163,0,0,0,1,1,0,20
675,465,166,0,0,0,1,1,0,20
675,470,169,0,0,0,1,1,0,20
675,475,172,0,0,0,1,1,0,20
675,480,175,0,0,0,1,1,0,20
680,300,156,0,0,0,1,1,0,19
680,305,154,0,0,0,1,1,0,19
680,310,152,0,0,0,1,1,0,19
680,315,150,0,0,0,1,1,0,19
680,320,148,0,0,0,1,1,0,19
680,325,146,0,0,0,1,1,0,19
680,330,145,0,0,0,1,1,0,19
680,335,144,0,0,0,1,1,0,19
680,340,143,0,0,0,1,1,0,19
680,345,142,0,0,0,1,1,0,19
680,350,141,0,0,0,1,1,0,19
680,355,141,0,0,0,1,1,0,19
680,360,140,0,0,0,1,1,0,19
680,365,140,0,0,0,1,1,0,19
680,370,140,0,0,0,1,1,0,19
680,375,140,0,0,0,1,1,0,19
680,380,141,0,0,0,1,1,0,19
680,385,141,0,0,0,1,1,0,19
680,390,142,0,0,0,1,1,0,19
680,395,143,0,0,0,1,1,0,19
680,400,144,0,0,0,1,1,0,19
680,405,145,0,0,0,1,1,0,19
680,410,146,0,0,0,1,1,0,19
680,415,148,0,0,0,1,1,0,19
680,420,149,0,0,0,1,1,0,19
680,425,151,0,0,0,1,1,0,19
680,430,153,0,0,0,1,1,0,19
680,435,155,0,0,0,1,1,0,19
680,440,157,0,0,0,1,1,0,20
680,445,160,0,0,0,1,1,0,20
680,450,162,0,0,0,1,1,0,20
680,455,165,0,0,0,1,1,0,20
680,460,168,0,0,0,1,1,0,20
680,465,170,0,0,0,1,1,0,20
680,470,173,0,0,0,1,1,0,20
680,475,176,0,0,0,1,1,0,20
680,480,179,0,0,0,1,1,0,20
685,300,160,0,0,0,1,1,0,20
685,305,158,0,0,0,1,1,0,20
685,310,156,0,0,0,1,1,0,19
685,315,154,0,0,0,1,1,0,19
685,320,153,0,0,0,1,1,0,19
685,325,151,0,0,0,1,1,0,19
685,330,150,0,0,0,1,1,0,19
685,335,149,0,0,0,1,1,0,19
685,340,148,0,0,0,1,1,0,19
685,345,147,0,0,0,1,1,0,19
685,350,146,0,0,0,1,1,0,19
685,355,146,0,0,0,1,1,0,19
685,360,145,0,0,0,1,1,0,19
685,365,145,0,0,0,1,1,0,19
685,370,145,0,0,0,1,1,0,19
685,375,145,0,0,0,1,1,0,19
685,380,145,0,0,0,1,1,0,19
685,385,146,0,0,0,1,1,0,19
685,390,147,0,0,0,1,1,0,19
685,395,147,0,0,0,1,1,0,19
685,400,148,0,0,0,1,1,0,19
685,405,150,0,0,0,1,1,0,19
685,410,151,0,0,0,1,1,0,19
685,415,152,0,0,0,1,1,0,19
685,420,154,0,0,0,1,1,0,19
685,425,156,0,0,0,1,1,0,19
685,430,158,0,0,0,1,1,0,20
685,435,160,0,0,0,1,1,0,20
685,440,162,0,0,0,1,1,0,20
685,445,164,0,0,0,1,1,0,20
685,450,167,0,0,0,1,1,0,20
685,455,169,0,0,0,1,1,0,20
685,460,172,0,0,0,1,1,0,20
685,465,174,0,0,0,1,1,0,20
685,470,177,0,0,0,1,1,0,20
685,475,180,0,0,0,1,1,0,20
685,480,183,0,0,0,1,1,0,20
690,300,165,0,0,0,1,1,0,20
690,305,163,0,0,0,1,1,0,20
690,310,161,0,0,0,1,1,0,20
690,315,159,0,0,0,1,1,0,20
690,320,157,0,0,0,1,1,0,20
690,325,156,0,0,0,1,1,0,19
690,330,155,0,0,0,1,1,0,19
690,335,154,0,0,0,1,1,0,19
690,340,153,0,0,0,1,1,0,19
690,345,152,0,0,0,1,1,0,19
690,350,151,0,0,0,1,1,0,19
690,355,151,0,0,0,1,1,0,19
690,360,150,0,0,0,1,1,0,19
690,365,150,0,0,0,1,1,0,19
690,370,150,0,0,0,1,1,0,19
690,375,150,0,0,0,1,1,0,19
690,380,150,0,0,0,1,1,0,19
690,385,151,0,0,0,1,1,0,19
690,390,152,0,0,0,1,1,0,19
690,395,152,0,0,0,1,1,0,19
690,400,153,0,0,0,1,1,0,19
690,405,154,0,0,0,1,1,0,19
690,410,156,0,0,0,1,1,0,19
690,415,157,0,0,0,1,1,0,20
690,420,159,0,0,0,1,1,0,20
690,425,160,0,0,0,1,1,0,20
690,430,162,0,0,0,1,1,0,20
690,435,164,0,0,0,1,1,0,20
690,440,166,0,0,0,1,1,0,20
690,445,169,0,0,0,1,1,0,20
690,450,171,0,0,0,1,1,0,20
690,455,173,0,0,0,1,1,0,20
690,460,176,0,0,0,1,1,0,20
690,465,179,0,0,0,1,1,0,20
690,470,181,0,0,0,1,1,0,20
690,475,184,0,0,0,1,1,0,20
690,480,187,0,0,0,1,1,0,21
695,300,169,0,0,0,1,1,0,20
695,305,167,0,0,0,1,1,0,20
695,310,165,0,0,0,1,1,0,20
695,315,164,0,0,0,1,1,0,20
695,320,162,0,0,0,1,1,0,20
695,325,161,0,0,0,1,1,0,20
695,330,160,0,0,0,1,1,0,20
695,335,158,0,0,0,1,1,0,20
695,340,158,0,0,0,1,1,0,20
695,345,157,0,0,0,1,1,0,19
695,350,156,0,0,0,1,1,0,19
695,355,156,0,0,0,1,1,0,19
695,360,155,0,0,0,1,1,0,19
695,365,155,0,0,0,1,1,0,19
695,370,155,0,0,0,1,1,0,19
695,375,155,0,0,0,1,1,0,19
695,380,155,0,0,0,1,1,0,19
695,385,156,0,0,0,1,1,0,19
695,390,157,0,0,0,1,1,0,19
695,395,157,0,0,0,1,1,0,20
695,400,158,0,0,0,1,1,0,20
695,405,159,0,0,0,1,1,0,20
695,410,161,0,0,0,1,1,0,20
695,415,162,0,0,0,1,1,0,20
695,420,163,0,0,0,1,1,0,20
695,425,165,0,0,0,1,1,0,20
695,430,167,0,0,0,1,1,0,20
695,435,169,0,0,0,1,1,0,20
695,440,171,0,0,0,1,1,0,20
695,445,173,0,0,0,1,1,0,20
695,450,175,0,0,0,1,1,0,20
695,455,178,0,0,0,1,1,0,20
695,460,180,0,0,0,1,1,0,20
695,465,183,0,0,0,1,1,0,20
695,470,186,0,0,0,1,1,0,20
695,475,188,0,0,0,1,1,0,21
695,480,191,0,0,0,1,1,0,21
700,300,174,0,0,0,1,1,0,20
700,305,172,0,0,0,1,1,0,20
700,310,170,0,0,0,1,1,0,20
700,315,169,0,0,0,1,1,0,20
700,320,167,0,0,0,1,1,0,20
700,325,166,0,0,0,1,1,0,20
700,330,164,0,0,0,1,1,0,20
700,335,163,0,0,0,1,1,0,20
700,340,162,0,0,0,1,1,0,20
700,345,162,0,0,0,1,1,0,20
700,350,161,0,0,0,1,1,0,20
700,355,161,0,0,0,1,1,0,20
700,360,160,0,0,0,1,1,0,20
700,365,160,0,0,0,1,1,0,20
700,370,160,0,0,0,1,1,0,20
700,375,160,0,0,0,1,1,0,20
700,380,160,0,0,0,1,1,0,20
700,385,161,0,0,0,1,1,0,20
700,390,162,0,0,0,1,1,0,20
700,395,162,0,0,0,1,1,0,20
700,400,163,0,0,0,1,1,0,20
700,405,164,0,0,0,1,1,0,20
700,410,165,0,0,0,1,1,0,20
700,415,167,0,0,0,1,1,0,20
700,420,168,0,0,0,1,1,0,20
700,425,170,0,0,0,1,1,0,20
700,430,172,0,0,0,1,1,0,20
700,435,173,0,0,0,1,1,0,20
700,440,175,0,0,0,1,1,0,20
700,445,178,0,0,0,1,1,0,20
700,450,180,0,0,0,1,1,0,20
700,455,182,0,0,0,1,1,0,20
700,460,185,0,0,0,1,1,0,20
700,465,187,0,0,0,1,1,0,21
700,470,190,0,0,0,1,1,0,21
700,475,192,0,0,0,1,1,0,21
700,480,195,0,0,0,1,1,0,21
705,300,178,0,0,0,1,1,0,20
705,305,177,0,0,0,1,1,0,20
705,310,175,0,0,0,1,1,0,20
705,315,173,0,0,0,1,1,0,20
705,320,172,0,0,0,1,1,0,20
705,325,171,0,0,0,1,1,0,20
705,330,169,0,0,0,1,1,0,20
705,335,168,0,0,0,1,1,0,20
705,340,167,0,0,0,1,1,0,20
705,345,167,0,0,0,1,1,0,20
705,350,166,0,0,0,1,1,0,20
705,355,166,0,0,0,1,1,0,20
705,360,165,0,0,0,1,1,0,20
705,365,165,0,0,0,1,1,0,20
705,370,165,0,0,0,1,1,0,20
705,375,165,0,0,0,1,1,0,20
705,380,165,0,0,0,1,1,0,20
705,385,166,0,0,0,1,1,0,20
705,390,166,0,0,0,1,1,0,20
705,395,167,0,0,0,1,1,0,20
705,400,168,0,0,0,1,1,0,20
705,405,169,0,0,0,1,1,0,20
705,410,170,0,0,0,1,1,0,20
705,415,172,0,0,0,1,1,0,20
705,420,173,0,0,0,1,1,0,20
705,425,175,0,0,0,1,1,0,20
705,430,176,0,0,0,1,1,0,20
705,435,178,0,0,0,1,1,0,20
705,440,180,0,0,0,1,1,0,20
705,445,182,0,0,0,1,1,0,20
705,450,184,0,0,0,1,1,0,20
705,455,187,0,0,0,1,1,0,21
705,460,189,0,0,0,1,1,0,21
705,465,191,0,0,0,1,1,0,21
705,470,194,0,0,0,1,1,0,21
705,475,197,0,0,0,1,1,0,21
705,480,199,0,0,0,1,1,0,21
710,300,183,0,0,0,1,1,0,20
710,305,181,0,0,0,1,1,0,20
710,310,180,0,0,0,1,1,0,20
710,315,178,0,0,0,1,1,0,20
710,320,177,0,0,0,1,1,0,20
710,325,175,0,0,0,1,1,0,20
710,330,174,0,0,0,1,1,0,20
710,335,173,0,0,0,1,1,0,20
710,340,172,0,0,0,1,1,0,20
710,345,172,0,0,0,1,1,0,20
710,350,171,0,0,0,1,1,0,20
710,355,170,0,0,0,1,1,0,20
710,360,170,0,0,0,1,1,0,20
710,365,170,0,0,0,1,1,0,20
710,370,170,0,0,0,1,1,0,20
710,375,170,0,0,0,1,1,0,20
710,380,170,0,0,0,1,1,0,20
710,385,171,0,0,0,1,1,0,20
710,390,171,0,0,0,1,1,0,20
710,395,172,0,0,0,1,1,0,20
710,400,173,0,0,0,1,1,0,20
710,405,174,0,0,0,1,1,0,20
710,410,175,0,0,0,1,1,0,20
710,415,176,0,0,0,1,1,0,20
710,420,178,0,0,0,1,1,0,20
710,425,179,0,0,0,1,1,0,20
710,430,181,0,0,0,1,1,0,20
710,435,183,0,0,0,1,1,0,20
710,440,185,0,0,0,1,1,0,20
710,445,187,0,0,0,1,1,0,21
710,450,189,0,0,0,1,1,0,21
710,455,191,0,0,0,1,1,0,21
710,460,193,0,0,0,1,1,0,21
710,465,196,0,0,0,1,1,0,21
710,470,198,0,0,0,1,1,0,21
710,475,201,0,0,0,1,1,0,21
710,480,204,0,0,0,1,1,0,21
715,300,188,0,0,0,1,1,0,21
715,305,186,0,0,0,1,1,0,21
715,310,184,0,0,0,1,1,0,20
715,315,183,0,0,0,1,1,0,20
715,320,181,0,0,0,1,1,0,20
715,325,180,0,0,0,1,1,0,20
715,330,179,0,0,0,1,1,0,20
715,335,178,0,0,0,1,1,0,20
715,340,177,0,0,0,1,1,0,20
715,345,177,0,0,0,1,1,0,20
715,350,176,0,0,0,1,1,0,20
715,355,175,0,0,0,1,1,0,20
715,360,175,0,0,0,1,1,0,20
715,365,175,0,0,0,1,1,0,20
715,370,175,0,0,0,1,1,0,20
715,375,175,0,0,0,1,1,0,20
715,380,175,0,0,0,1,1,0,20
715,385,176,0,0,0,1,1,0,20
715,390,176,0,0,0,1,1,0,20
715,395,177,0,0,0,1,1,0,20
715,400,178,0,0,0,1,1,0,20
715,405,179,0,0,0,1,1,0,20
715,410,180,0,0,0,1,1,0,20
715,415,181,0,0,0,1,1,0,20
715,420,183,0,0,0,1,1,0,20
715,425,184,0,0,0,1,1,0,20
715,430,186,0,0,0,1,1,0,20
715,435,187,0,0,0,1,1,0,21
715,440,189,0,0,0,1,1,0,21
715,445,191,0,0,0,1,1,0,21
715,450,193,0,0,0,1,1,0,21
715,455,195,0,0,0,1,1,0,21
715,460,198,0,0,0,1,1,0,21
715,465,200,0,0,0,1,1,0,21
715,470,203,0,0,0,1,1,0,21
715,475,205,0,0,0,1,1,0,21
715,480,208,0,0,0,1,1,0,21
720,300,192,0,0,0,1,1,0,21
720,305,191,0,0,0,1,1,0,21
720,310,189,0,0,0,1,1,0,21
720,315,188,0,0,0,1,1,0,21
720,320,186,0,0,0,1,1,0,21
720,325,185,0,0,0,1,1,0,20
720,330,184,0,0,0,1,1,0,20
720,335,183,0,0,0,1,1,0,20
720,340,182,0,0,0,1,1,0,20
720,345,181,0,0,0,1,1,0,20
720,350,181,0,0,0,1,1,0,20
720,355,180,0,0,0,1,1,0,20
720,360,180,0,0,0,1,1,0,20
720,365,180,0,0,0,1,1,0,20
720,370,180,0,0,0,1,1,0,20
720,375,180,0,0,0,1,1,0,20
720,380,180,0,0,0,1,1,0,20
720,385,181,0,0,0,1,1,0,20
720,390,181,0,0,0,1,1,0,20
720,395,182,0,0,0,1,1,0,20
720,400,183,0,0,0,1,1,0,20
720,405,184,0,0,0,1,1,0,20
720,410,185,0,0,0,1,1,0,20
720,415,186,0,0,0,1,1,0,21
720,420,187,0,0,0,1,1,0,21
720,425,189,0,0,0,1,1,0,21
720,430,190,0,0,0,1,1,0,21
720,435,192,0,0,0,1,1,0,21
720,440,194,0,0,0,1,1,0,21
720,445,196,0,0,0,1,1,0,21
720,450,198,0,0,0,1,1,0,21
720,455,200,0,0,0,1,1,0,21
720,460,202,0,0,0,1,1,0,21
720,465,204,0,0,0,1,1,0,21
720,470,207,0,0,0,1,1,0,21
720,475,209,0,0,0,1,1,0,21
720,480,212,0,0,0,1,1,0,21
